PRAGMA foreign_keys=OFF;
BEGIN TRANSACTION;
CREATE TABLE IF NOT EXISTS "_prisma_migrations" (
    "id"                    TEXT PRIMARY KEY NOT NULL,
    "checksum"              TEXT NOT NULL,
    "finished_at"           DATETIME,
    "migration_name"        TEXT NOT NULL,
    "logs"                  TEXT,
    "rolled_back_at"        DATETIME,
    "started_at"            DATETIME NOT NULL DEFAULT current_timestamp,
    "applied_steps_count"   INTEGER UNSIGNED NOT NULL DEFAULT 0
);
CREATE TABLE IF NOT EXISTS "users" (
    "id" TEXT NOT NULL PRIMARY KEY,
    "email" TEXT NOT NULL,
    "fullName" TEXT NOT NULL,
    "phoneNumber" TEXT,
    "password" TEXT,
    "role" TEXT NOT NULL DEFAULT 'CITIZEN',
    "wardId" TEXT,
    "department" TEXT,
    "language" TEXT NOT NULL DEFAULT 'en',
    "avatar" TEXT,
    "isActive" BOOLEAN NOT NULL DEFAULT true,
    "lastLogin" DATETIME,
    "joinedOn" DATETIME NOT NULL DEFAULT CURRENT_TIMESTAMP,
    "createdAt" DATETIME NOT NULL DEFAULT CURRENT_TIMESTAMP,
    "updatedAt" DATETIME NOT NULL,
    CONSTRAINT "users_wardId_fkey" FOREIGN KEY ("wardId") REFERENCES "wards" ("id") ON DELETE SET NULL ON UPDATE CASCADE
);
INSERT INTO users VALUES('cmeju7v0y001zq6a2i7a4heic','admin@cochinsmartcity.gov.in','System Administrator','+91-9876543210','$2a$10$z6wFD5OGSM0rXZ3LXC946OglxFN532r0qa0l.x8pt9lOM6aHYDxsO','ADMINISTRATOR',NULL,NULL,'en',NULL,1,1755753717744,1755686175441,1755686175442,1755753717745);
INSERT INTO users VALUES('cmeju7ve70021q6a284rd6ccr','officer1@cochinsmartcity.gov.in','Rajesh Kumar','+91-9876543210','$2a$10$hojGmTW1cTxM4QFq/jTcJOD1qkCMiSnJ8oO57NwYd93.JN6pDCXD2','WARD_OFFICER','cmeju7uiz000fq6a2s9cppovk',NULL,'en',NULL,1,NULL,1755686175918,1755686175919,1755686175919);
INSERT INTO users VALUES('cmeju7vsd0023q6a2sfygxs4n','officer2@cochinsmartcity.gov.in','Priya Nair','+91-9876543211','$2a$10$q//wPdMrPtkkwVgafcV0YeQ5d2ZLTMBuHeOTBrdujJ4P0flJrCtJq','WARD_OFFICER','cmeju7uj2000gq6a2s9m9lkje',NULL,'en',NULL,1,NULL,1755686176429,1755686176430,1755686176430);
INSERT INTO users VALUES('cmeju7vx70025q6a2h45ckz40','officer3@cochinsmartcity.gov.in','Mohammed Ali','+91-9876543212','$2a$10$qnf17KEpRvjSdMR8Cxu//OTdHVxLxRhx4jIIan5/US1eVAs4aXNcy','WARD_OFFICER','cmeju7uj6000hq6a2f2gt9gbm',NULL,'en',NULL,1,NULL,1755686176603,1755686176604,1755686176604);
INSERT INTO users VALUES('cmeju7w0o0027q6a2hwf5l61q','officer4@cochinsmartcity.gov.in','Sunitha Menon','+91-9876543213','$2a$10$3pWGensGpEfRhWgh1QOesean/S6CpbIPlxG3/.MjiOOKKWU4/O6x6','WARD_OFFICER','cmeju7ujc000iq6a2jlq77yar',NULL,'en',NULL,1,NULL,1755686176728,1755686176729,1755686176729);
INSERT INTO users VALUES('cmeju7w4b0029q6a2lhgl53k7','officer5@cochinsmartcity.gov.in','Ravi Krishnan','+91-9876543214','$2a$10$LtWxe.TbfCz2SMlH9mYy1.eIkQe4T02aVmsJfZUg7DhyQ/y.UGuKu','WARD_OFFICER','cmeju7uje000jq6a2o0mz2l9m',NULL,'en',NULL,1,1755694947666,1755686176858,1755686176859,1755694947667);
INSERT INTO users VALUES('cmeju7w8z002bq6a2h9s4i5bp','officer6@cochinsmartcity.gov.in','Deepa Thomas','+91-9876543215','$2a$10$Pa.o3tdFcNDLJ09.bvs6xuCgX7vLGg2pF9bLhs/j.tu4Id4BjyuPu','WARD_OFFICER','cmeju7ujh000kq6a2codyspf2',NULL,'en',NULL,1,NULL,1755686177026,1755686177027,1755686177027);
INSERT INTO users VALUES('cmeju7wd3002dq6a2p916tpq4','officer7@cochinsmartcity.gov.in','Arun Vijayan','+91-9876543216','$2a$10$S4GP7dITmdaPIUNETSUddudD0cO8huPLa0J.AVyrEik/P0Q0Y0J1W','WARD_OFFICER','cmeju7uji000lq6a2dbfkm7v5',NULL,'en',NULL,1,NULL,1755686177175,1755686177176,1755686177176);
INSERT INTO users VALUES('cmeju7wjh002fq6a28fd5rvju','officer8@cochinsmartcity.gov.in','Shweta Sharma','+91-9876543217','$2a$10$opIwqB28rOrZ58ddEHorXu.HWdbwuv9NqWCC1mrkJk9SGxkq9MVwy','WARD_OFFICER','cmeju7ujo000mq6a2oqukee9q',NULL,'en',NULL,1,1755752270831,1755686177404,1755686177405,1755752270831);
INSERT INTO users VALUES('cmeju7wrc002gq6a23i00q255','suresh.kumar@cochinsmartcity.gov.in','Suresh Kumar','+91-9876543310','$2a$10$ieAqDJFjw69AkDMcGZAQ/eelWPOkKes6e3zThHH30czU/Iw1BtL/S','MAINTENANCE_TEAM',NULL,'Public Works','en',NULL,1,NULL,1755686177687,1755686177688,1755686177688);
INSERT INTO users VALUES('cmeju7wyk002hq6a2xz6nybo8','leela.devi@cochinsmartcity.gov.in','Leela Devi','+91-9876543311','$2a$10$k5OYa2AQ3oX4kNwb5MDAOOHLGg42Hmh56u0fSSgUqPubGueB7gyNa','MAINTENANCE_TEAM',NULL,'Water Supply','en',NULL,1,NULL,1755686177948,1755686177949,1755686177949);
INSERT INTO users VALUES('cmeju7x25002iq6a2itwallig','vinod.electric@cochinsmartcity.gov.in','Vinod Electrician','9876543312','$2a$10$WjB.j6qsYmhg6fDTmLWGiO6tmSWPgI1gg8KOlqbz/SOe9SzsQPYOS','MAINTENANCE_TEAM','cmeju7uje000jq6a2o0mz2l9m','Electricity','en',NULL,1,NULL,1755686178076,1755686178077,1755752573628);
INSERT INTO users VALUES('cmeju7x5c002jq6a2ua1ecb38','ramesh.waste@cochinsmartcity.gov.in','Ramesh Cleaner','9876543313','$2a$10$shpkuv6M4AgUwDV7.vsXguaq6DbsQDx1lVJS4VK3bZR2wOcZbNqaS','MAINTENANCE_TEAM','cmeju7uje000jq6a2o0mz2l9m','Waste Management','en',NULL,1,NULL,1755686178191,1755686178192,1755752565388);
INSERT INTO users VALUES('cmeju7x8j002lq6a2kw874jn0','arjun.menon@email.com','Arjun Menon','+91-9876540001','$2a$10$SWaoPMYD8IENPXRu95yeYegMAMQtVSLFwzK/ciEvMKqkXhYeSqWre','CITIZEN','cmeju7uje000jq6a2o0mz2l9m',NULL,'en',NULL,1,1755686348079,1755686178306,1755686178307,1755686348081);
INSERT INTO users VALUES('cmeju7xd1002nq6a2hlus8rtp','kavya.nair@email.com','Kavya Nair','+91-9876540002','$2a$10$9DzmT5aBimxNfnNuzoplj.HprhUhsOTsMQHxQJEfaDOmkNs7eWx32','CITIZEN','cmeju7uji000lq6a2dbfkm7v5',NULL,'en',NULL,1,NULL,1755686178468,1755686178469,1755686178469);
INSERT INTO users VALUES('cmeju7xhd002pq6a2ntivdd05','joseph.cherian@email.com','Joseph Cherian','+91-9876540003','$2a$10$xL/s/2wh5TaNH4ouJmPy3.OlP39KTlnFU3p5GOGKouLSzh95OPeeq','CITIZEN','cmeju7ujc000iq6a2jlq77yar',NULL,'en',NULL,1,NULL,1755686178624,1755686178625,1755686178625);
INSERT INTO users VALUES('cmeju7xkm002rq6a21bqngy49','lakshmi.pillai@email.com','Lakshmi Pillai','+91-9876540004','$2a$10$Uo3XiuWgwvO6WumismH1XuCfldfjzQIDjfp9vb6GE/hIPtUwypZfi','CITIZEN','cmeju7uiz000fq6a2s9cppovk',NULL,'en',NULL,1,NULL,1755686178741,1755686178742,1755686178742);
INSERT INTO users VALUES('cmeju7xow002tq6a2oklqyiz1','anand.kumar@email.com','Anand Kumar','+91-9876540005','$2a$10$xRbOUuSpWk7Jxq/2BoJvPOQ98ZfwOPD4d2gfaDKoKub.hhtCoD.hm','CITIZEN','cmeju7uje000jq6a2o0mz2l9m',NULL,'en',NULL,1,NULL,1755686178896,1755686178897,1755686178897);
INSERT INTO users VALUES('cmeju7xt1002vq6a2w0vth3q0','maya.george@email.com','Maya George','+91-9876540006','$2a$10$MP06okPTjx9iG.OpRvf12O5ge/a3hHudk8LnHZSr7xyBA2gk.STBW','CITIZEN','cmeju7ujc000iq6a2jlq77yar',NULL,'en',NULL,1,NULL,1755686179044,1755686179045,1755686179045);
INSERT INTO users VALUES('cmeju7xw9002xq6a28fhkqs9v','vishnu.warrier@email.com','Vishnu Warrier','+91-9876540007','$2a$10$uuNiUN8bkfhYoqPF0h..u.A114A.ZcyIaoH0ftAp1KBgl58JuvTnq','CITIZEN','cmeju7uj6000hq6a2f2gt9gbm',NULL,'en',NULL,1,NULL,1755686179160,1755686179161,1755686179161);
INSERT INTO users VALUES('cmeju7xzg002zq6a2sn194365','nisha.kumari@email.com','Nisha Kumari','+91-9876540008','$2a$10$XY8HCci8n.UGpxQ9HzJop./JwbxeTZhOVoWzMqzYRCBkVi6wZCo/m','CITIZEN','cmeju7uje000jq6a2o0mz2l9m',NULL,'en',NULL,1,NULL,1755686179276,1755686179277,1755686179277);
CREATE TABLE IF NOT EXISTS "wards" (
    "id" TEXT NOT NULL PRIMARY KEY,
    "name" TEXT NOT NULL,
    "description" TEXT,
    "isActive" BOOLEAN NOT NULL DEFAULT true,
    "createdAt" DATETIME NOT NULL DEFAULT CURRENT_TIMESTAMP,
    "updatedAt" DATETIME NOT NULL
);
INSERT INTO wards VALUES('cmeju7uiz000fq6a2s9cppovk','Ward 1 - Fort Kochi','Historic Fort Kochi area including Chinese fishing nets and heritage sites',1,1755686174795,1755694524840);
INSERT INTO wards VALUES('cmeju7uj2000gq6a2s9m9lkje','Ward 2 - Mattancherry','Mattancherry Palace, spice markets, and Jewish quarter',1,1755686174798,1755686174798);
INSERT INTO wards VALUES('cmeju7uj6000hq6a2f2gt9gbm','Ward 3 - Ernakulam South','Commercial district, shopping centers, and business hub',1,1755686174802,1755686174802);
INSERT INTO wards VALUES('cmeju7ujc000iq6a2jlq77yar','Ward 4 - Kadavanthra','Residential area with IT companies and educational institutions',1,1755686174809,1755686174809);
INSERT INTO wards VALUES('cmeju7uje000jq6a2o0mz2l9m','Ward 5 - Panampilly Nagar','Upscale residential and commercial area near backwaters',1,1755686174811,1755686174811);
INSERT INTO wards VALUES('cmeju7ujh000kq6a2codyspf2','Ward 6 - Marine Drive','Waterfront promenade, business district, and shopping complex',1,1755686174813,1755686174813);
INSERT INTO wards VALUES('cmeju7uji000lq6a2dbfkm7v5','Ward 7 - Willingdon Island','Port area, industrial zone, and naval base',1,1755686174815,1755686174815);
INSERT INTO wards VALUES('cmeju7ujo000mq6a2oqukee9q','Ward 8 - Thevara','Mixed residential and commercial area with ferry services',1,1755686174821,1755686174821);
CREATE TABLE IF NOT EXISTS "sub_zones" (
    "id" TEXT NOT NULL PRIMARY KEY,
    "name" TEXT NOT NULL,
    "wardId" TEXT NOT NULL,
    "description" TEXT,
    "isActive" BOOLEAN NOT NULL DEFAULT true,
    "createdAt" DATETIME NOT NULL DEFAULT CURRENT_TIMESTAMP,
    "updatedAt" DATETIME NOT NULL,
    CONSTRAINT "sub_zones_wardId_fkey" FOREIGN KEY ("wardId") REFERENCES "wards" ("id") ON DELETE CASCADE ON UPDATE CASCADE
);
INSERT INTO sub_zones VALUES('cmeju7ujq000oq6a24qqq8hzc','Princess Street Area','cmeju7uiz000fq6a2s9cppovk','Princess Street Area in Ward 1 - Fort Kochi',1,1755686174823,1755686174823);
INSERT INTO sub_zones VALUES('cmeju7ujs000qq6a27l9ejjh4','Fort Kochi Beach','cmeju7uiz000fq6a2s9cppovk','Fort Kochi Beach in Ward 1 - Fort Kochi',1,1755686174825,1755686174825);
INSERT INTO sub_zones VALUES('cmeju7uju000sq6a2cyqgt9bx','Chinese Fishing Nets','cmeju7uiz000fq6a2s9cppovk','Chinese Fishing Nets in Ward 1 - Fort Kochi',1,1755686174826,1755686174826);
INSERT INTO sub_zones VALUES('cmeju7uk0000uq6a2xf9hkpng','Palace Road','cmeju7uj2000gq6a2s9m9lkje','Palace Road in Ward 2 - Mattancherry',1,1755686174832,1755686174832);
INSERT INTO sub_zones VALUES('cmeju7uk4000wq6a260r04yh6','Synagogue Lane','cmeju7uj2000gq6a2s9m9lkje','Synagogue Lane in Ward 2 - Mattancherry',1,1755686174837,1755686174837);
INSERT INTO sub_zones VALUES('cmeju7uk9000yq6a2rx2lnk3s','Spice Market','cmeju7uj2000gq6a2s9m9lkje','Spice Market in Ward 2 - Mattancherry',1,1755686174841,1755686174841);
INSERT INTO sub_zones VALUES('cmeju7ukd0010q6a2xcam60wo','MG Road','cmeju7uj6000hq6a2f2gt9gbm','MG Road in Ward 3 - Ernakulam South',1,1755686174846,1755686174846);
INSERT INTO sub_zones VALUES('cmeju7ukf0012q6a2mac0z342','Broadway','cmeju7uj6000hq6a2f2gt9gbm','Broadway in Ward 3 - Ernakulam South',1,1755686174848,1755686174848);
INSERT INTO sub_zones VALUES('cmeju7ukk0014q6a28pz3l2fa','Avenue Road','cmeju7uj6000hq6a2f2gt9gbm','Avenue Road in Ward 3 - Ernakulam South',1,1755686174852,1755686174852);
INSERT INTO sub_zones VALUES('cmeju7ukl0016q6a2bjszya18','Kakkanad Junction','cmeju7ujc000iq6a2jlq77yar','Kakkanad Junction in Ward 4 - Kadavanthra',1,1755686174854,1755686174854);
INSERT INTO sub_zones VALUES('cmeju7uks0018q6a2fhshgz1a','HMT Colony','cmeju7ujc000iq6a2jlq77yar','HMT Colony in Ward 4 - Kadavanthra',1,1755686174860,1755686174860);
INSERT INTO sub_zones VALUES('cmeju7uku001aq6a2y8red4rg','CUSAT Campus','cmeju7ujc000iq6a2jlq77yar','CUSAT Campus in Ward 4 - Kadavanthra',1,1755686174862,1755686174862);
INSERT INTO sub_zones VALUES('cmeju7ukw001cq6a2lep6ox9h','Gold Souk Area','cmeju7uje000jq6a2o0mz2l9m','Gold Souk Area in Ward 5 - Panampilly Nagar',1,1755686174865,1755686174865);
INSERT INTO sub_zones VALUES('cmeju7ul0001eq6a2wddney48','Hotel Strip','cmeju7uje000jq6a2o0mz2l9m','Hotel Strip in Ward 5 - Panampilly Nagar',1,1755686174868,1755686174868);
INSERT INTO sub_zones VALUES('cmeju7ul1001gq6a2dxiuc9jy','Panampilly Avenue','cmeju7uje000jq6a2o0mz2l9m','Panampilly Avenue in Ward 5 - Panampilly Nagar',1,1755686174870,1755686174870);
INSERT INTO sub_zones VALUES('cmeju7ul4001iq6a2eo93v9oa','Marine Drive Walkway','cmeju7ujh000kq6a2codyspf2','Marine Drive Walkway in Ward 6 - Marine Drive',1,1755686174872,1755686174872);
INSERT INTO sub_zones VALUES('cmeju7ul5001kq6a2a95fdzyj','High Court Junction','cmeju7ujh000kq6a2codyspf2','High Court Junction in Ward 6 - Marine Drive',1,1755686174874,1755686174874);
INSERT INTO sub_zones VALUES('cmeju7ul7001mq6a2560cx60n','Menaka','cmeju7ujh000kq6a2codyspf2','Menaka in Ward 6 - Marine Drive',1,1755686174875,1755686174875);
INSERT INTO sub_zones VALUES('cmeju7ul8001oq6a2xxg14b3s','Port Area','cmeju7uji000lq6a2dbfkm7v5','Port Area in Ward 7 - Willingdon Island',1,1755686174877,1755686174877);
INSERT INTO sub_zones VALUES('cmeju7uli001qq6a2k8bluq4f','Naval Base','cmeju7uji000lq6a2dbfkm7v5','Naval Base in Ward 7 - Willingdon Island',1,1755686174886,1755686174886);
INSERT INTO sub_zones VALUES('cmeju7ulk001sq6a2ga9r0dv4','Island Express','cmeju7uji000lq6a2dbfkm7v5','Island Express in Ward 7 - Willingdon Island',1,1755686174889,1755686174889);
INSERT INTO sub_zones VALUES('cmeju7ull001uq6a2fv9q36mk','Ferry Road','cmeju7ujo000mq6a2oqukee9q','Ferry Road in Ward 8 - Thevara',1,1755686174890,1755686174890);
INSERT INTO sub_zones VALUES('cmeju7uln001wq6a22ys1lr1m','Bishop Garden','cmeju7ujo000mq6a2oqukee9q','Bishop Garden in Ward 8 - Thevara',1,1755686174891,1755686174891);
INSERT INTO sub_zones VALUES('cmeju7ulw001yq6a2dxtx8ddm','Thevara Junction','cmeju7ujo000mq6a2oqukee9q','Thevara Junction in Ward 8 - Thevara',1,1755686174900,1755686174900);
CREATE TABLE IF NOT EXISTS "complaints" (
    "id" TEXT NOT NULL PRIMARY KEY,
    "complaintId" TEXT,
    "title" TEXT,
    "description" TEXT NOT NULL,
    "type" TEXT NOT NULL,
    "status" TEXT NOT NULL DEFAULT 'REGISTERED',
    "priority" TEXT NOT NULL DEFAULT 'MEDIUM',
    "slaStatus" TEXT NOT NULL DEFAULT 'ON_TIME',
    "wardId" TEXT NOT NULL,
    "subZoneId" TEXT,
    "area" TEXT NOT NULL,
    "landmark" TEXT,
    "address" TEXT,
    "coordinates" TEXT,
    "contactName" TEXT,
    "contactEmail" TEXT,
    "contactPhone" TEXT NOT NULL,
    "isAnonymous" BOOLEAN NOT NULL DEFAULT false,
    "submittedById" TEXT,
    "assignedToId" TEXT,
    "resolvedById" TEXT,
    "submittedOn" DATETIME NOT NULL DEFAULT CURRENT_TIMESTAMP,
    "assignedOn" DATETIME,
    "resolvedOn" DATETIME,
    "closedOn" DATETIME,
    "deadline" DATETIME,
    "remarks" TEXT,
    "citizenFeedback" TEXT,
    "rating" INTEGER,
    "tags" TEXT,
    "createdAt" DATETIME NOT NULL DEFAULT CURRENT_TIMESTAMP,
    "updatedAt" DATETIME NOT NULL,
    CONSTRAINT "complaints_wardId_fkey" FOREIGN KEY ("wardId") REFERENCES "wards" ("id") ON DELETE RESTRICT ON UPDATE CASCADE,
    CONSTRAINT "complaints_subZoneId_fkey" FOREIGN KEY ("subZoneId") REFERENCES "sub_zones" ("id") ON DELETE SET NULL ON UPDATE CASCADE,
    CONSTRAINT "complaints_submittedById_fkey" FOREIGN KEY ("submittedById") REFERENCES "users" ("id") ON DELETE SET NULL ON UPDATE CASCADE,
    CONSTRAINT "complaints_assignedToId_fkey" FOREIGN KEY ("assignedToId") REFERENCES "users" ("id") ON DELETE SET NULL ON UPDATE CASCADE
);
INSERT INTO complaints VALUES('cmeju7xzu0037q6a2sbesx1ps','KSC0001','ROAD REPAIR Issue in Ward 8 - Thevara','Complaint regarding road repair issue that requires attention. Submitted by Joseph Cherian.','ROAD_REPAIR','IN_PROGRESS','MEDIUM','OVERDUE','cmeju7ujo000mq6a2oqukee9q',NULL,'Thevara','Near Thevara junction','Sample address in Ward 8 - Thevara',NULL,'Joseph Cherian','joseph.cherian@email.com','+91-9876540003',0,'cmeju7xhd002pq6a2ntivdd05','cmeju7wjh002fq6a28fd5rvju',NULL,1750907220000,1750914420000,NULL,NULL,1751512020000,NULL,NULL,NULL,NULL,1750907220000,1755686179291);
INSERT INTO complaints VALUES('cmeju7y04003dq6a2bfie8mjx','KSC0002','STREET LIGHTING Issue in Ward 6 - Marine Drive','Complaint regarding street lighting issue that requires attention. Submitted by Anand Kumar.','STREET_LIGHTING','IN_PROGRESS','MEDIUM','OVERDUE','cmeju7ujh000kq6a2codyspf2',NULL,'Marine Drive','Near Marine Drive junction','Sample address in Ward 6 - Marine Drive',NULL,'Anand Kumar','anand.kumar@email.com','+91-9876540005',0,'cmeju7xow002tq6a2oklqyiz1','cmeju7w8z002bq6a2h9s4i5bp',NULL,1750132380000,1750139580000,NULL,NULL,1750737180000,NULL,NULL,NULL,NULL,1750132380000,1755686179300);
INSERT INTO complaints VALUES('cmeju7y0a003jq6a24r7d1dmy','KSC0003','WASTE MANAGEMENT Issue in Ward 1 - Fort Kochi','Complaint regarding waste management issue that requires attention. Submitted by Maya George.','WASTE_MANAGEMENT','REGISTERED','CRITICAL','OVERDUE','cmeju7uiz000fq6a2s9cppovk',NULL,'Fort Kochi','Near Fort Kochi junction','Sample address in Ward 1 - Fort Kochi',NULL,'Maya George','maya.george@email.com','+91-9876540006',0,'cmeju7xt1002vq6a2w0vth3q0',NULL,NULL,1749213180000,NULL,NULL,NULL,1749817980000,NULL,NULL,NULL,NULL,1749213180000,1755686179306);
INSERT INTO complaints VALUES('cmeju7y0e003nq6a2k0c4ohod','KSC0004','WATER SUPPLY Issue in Ward 3 - Ernakulam South','Complaint regarding water supply issue that requires attention. Submitted by Arjun Menon.','WATER_SUPPLY','ASSIGNED','CRITICAL','OVERDUE','cmeju7uj6000hq6a2f2gt9gbm',NULL,'Ernakulam South','Near Ernakulam South junction','Sample address in Ward 3 - Ernakulam South',NULL,'Arjun Menon','arjun.menon@email.com','+91-9876540001',0,'cmeju7x8j002lq6a2kw874jn0','cmeju7vx70025q6a2h45ckz40',NULL,1751138040000,1751145240000,NULL,NULL,1751742840000,NULL,NULL,NULL,NULL,1751138040000,1755686179310);
INSERT INTO complaints VALUES('cmeju7y0j003tq6a20xkthbkz','KSC0005','WATER SUPPLY Issue in Ward 7 - Willingdon Island','Complaint regarding water supply issue that requires attention. Submitted by Maya George.','WATER_SUPPLY','IN_PROGRESS','CRITICAL','OVERDUE','cmeju7uji000lq6a2dbfkm7v5',NULL,'Willingdon Island','Near Willingdon Island junction','Sample address in Ward 7 - Willingdon Island',NULL,'Maya George','maya.george@email.com','+91-9876540006',0,'cmeju7xt1002vq6a2w0vth3q0','cmeju7wd3002dq6a2p916tpq4',NULL,1749384540000,1749391740000,NULL,NULL,1749989340000,NULL,NULL,NULL,NULL,1749384540000,1755686179315);
INSERT INTO complaints VALUES('cmeju7y0o003zq6a26optei1s','KSC0006','STREET LIGHTING Issue in Ward 1 - Fort Kochi','Complaint regarding street lighting issue that requires attention. Submitted by Lakshmi Pillai.','STREET_LIGHTING','IN_PROGRESS','CRITICAL','OVERDUE','cmeju7uiz000fq6a2s9cppovk',NULL,'Fort Kochi','Near Fort Kochi junction','Sample address in Ward 1 - Fort Kochi',NULL,'Lakshmi Pillai','lakshmi.pillai@email.com','+91-9876540004',0,'cmeju7xkm002rq6a21bqngy49','cmeju7ve70021q6a284rd6ccr',NULL,1748936340000,1748943540000,NULL,NULL,1749541140000,NULL,NULL,NULL,NULL,1748936340000,1755686179320);
INSERT INTO complaints VALUES('cmeju7y0t0045q6a26byvc6vw','KSC0007','DRAINAGE Issue in Ward 4 - Kadavanthra','Complaint regarding drainage issue that requires attention. Submitted by Vishnu Warrier.','DRAINAGE','REGISTERED','CRITICAL','OVERDUE','cmeju7ujc000iq6a2jlq77yar',NULL,'Kadavanthra','Near Kadavanthra junction','Sample address in Ward 4 - Kadavanthra',NULL,'Vishnu Warrier','vishnu.warrier@email.com','+91-9876540007',0,'cmeju7xw9002xq6a28fhkqs9v',NULL,NULL,1750556400000,NULL,NULL,NULL,1751161200000,NULL,NULL,NULL,NULL,1750556400000,1755686179326);
INSERT INTO complaints VALUES('cmeju7y0x0049q6a2g41rl5rj','KSC0008','WATER SUPPLY Issue in Ward 8 - Thevara','Complaint regarding water supply issue that requires attention. Submitted by Nisha Kumari.','WATER_SUPPLY','REGISTERED','MEDIUM','OVERDUE','cmeju7ujo000mq6a2oqukee9q',NULL,'Thevara','Near Thevara junction','Sample address in Ward 8 - Thevara',NULL,'Nisha Kumari','nisha.kumari@email.com','+91-9876540008',0,'cmeju7xzg002zq6a2sn194365',NULL,NULL,1749813060000,NULL,NULL,NULL,1750417860000,NULL,NULL,NULL,NULL,1749813060000,1755686179329);
INSERT INTO complaints VALUES('cmeju7y11004dq6a2a061ui2i','KSC0009','DRAINAGE Issue in Ward 7 - Willingdon Island','Complaint regarding drainage issue that requires attention. Submitted by Maya George.','DRAINAGE','IN_PROGRESS','HIGH','OVERDUE','cmeju7uji000lq6a2dbfkm7v5',NULL,'Willingdon Island','Near Willingdon Island junction','Sample address in Ward 7 - Willingdon Island',NULL,'Maya George','maya.george@email.com','+91-9876540006',0,'cmeju7xt1002vq6a2w0vth3q0','cmeju7wd3002dq6a2p916tpq4',NULL,1750298340000,1750305540000,NULL,NULL,1750903140000,NULL,NULL,NULL,NULL,1750298340000,1755686179333);
INSERT INTO complaints VALUES('cmeju7y16004jq6a2wj5vlb5w','KSC0010','STREET LIGHTING Issue in Ward 1 - Fort Kochi','Complaint regarding street lighting issue that requires attention. Submitted by Maya George.','STREET_LIGHTING','IN_PROGRESS','MEDIUM','OVERDUE','cmeju7uiz000fq6a2s9cppovk',NULL,'Fort Kochi','Near Fort Kochi junction','Sample address in Ward 1 - Fort Kochi',NULL,'Maya George','maya.george@email.com','+91-9876540006',0,'cmeju7xt1002vq6a2w0vth3q0','cmeju7ve70021q6a284rd6ccr',NULL,1749466260000,1749473460000,NULL,NULL,1750071060000,NULL,NULL,NULL,NULL,1749466260000,1755686179338);
INSERT INTO complaints VALUES('cmeju7y1b004pq6a22yc0621o','KSC0011','ROAD REPAIR Issue in Ward 8 - Thevara','Complaint regarding road repair issue that requires attention. Submitted by Maya George.','ROAD_REPAIR','IN_PROGRESS','CRITICAL','OVERDUE','cmeju7ujo000mq6a2oqukee9q',NULL,'Thevara','Near Thevara junction','Sample address in Ward 8 - Thevara',NULL,'Maya George','maya.george@email.com','+91-9876540006',0,'cmeju7xt1002vq6a2w0vth3q0','cmeju7wjh002fq6a28fd5rvju',NULL,1750313940000,1750321140000,NULL,NULL,1750918740000,NULL,NULL,NULL,NULL,1750313940000,1755686179344);
INSERT INTO complaints VALUES('cmeju7y1h004vq6a2pw7k47gw','KSC0012','STREET LIGHTING Issue in Ward 1 - Fort Kochi','Complaint regarding street lighting issue that requires attention. Submitted by Anand Kumar.','STREET_LIGHTING','IN_PROGRESS','CRITICAL','OVERDUE','cmeju7uiz000fq6a2s9cppovk',NULL,'Fort Kochi','Near Fort Kochi junction','Sample address in Ward 1 - Fort Kochi',NULL,'Anand Kumar','anand.kumar@email.com','+91-9876540005',0,'cmeju7xow002tq6a2oklqyiz1','cmeju7ve70021q6a284rd6ccr',NULL,1749803700000,1749810900000,NULL,NULL,1750408500000,NULL,NULL,NULL,NULL,1749803700000,1755686179349);
INSERT INTO complaints VALUES('cmeju7y1n0051q6a2gfrjxfj8','KSC0013','ELECTRICITY Issue in Ward 2 - Mattancherry','Complaint regarding electricity issue that requires attention. Submitted by Kavya Nair.','ELECTRICITY','IN_PROGRESS','LOW','OVERDUE','cmeju7uj2000gq6a2s9m9lkje',NULL,'Mattancherry','Near Mattancherry junction','Sample address in Ward 2 - Mattancherry',NULL,'Kavya Nair','kavya.nair@email.com','+91-9876540002',0,'cmeju7xd1002nq6a2hlus8rtp','cmeju7vsd0023q6a2sfygxs4n',NULL,1749060180000,1749067380000,NULL,NULL,1749664980000,NULL,NULL,NULL,NULL,1749060180000,1755686179355);
INSERT INTO complaints VALUES('cmeju7y1y0057q6a2e3jr68ej','KSC0014','WATER SUPPLY Issue in Ward 4 - Kadavanthra','Complaint regarding water supply issue that requires attention. Submitted by Vishnu Warrier.','WATER_SUPPLY','ASSIGNED','LOW','OVERDUE','cmeju7ujc000iq6a2jlq77yar',NULL,'Kadavanthra','Near Kadavanthra junction','Sample address in Ward 4 - Kadavanthra',NULL,'Vishnu Warrier','vishnu.warrier@email.com','+91-9876540007',0,'cmeju7xw9002xq6a28fhkqs9v','cmeju7w0o0027q6a2hwf5l61q',NULL,1750394880000,1750402080000,NULL,NULL,1750999680000,NULL,NULL,NULL,NULL,1750394880000,1755686179366);
INSERT INTO complaints VALUES('cmeju7y27005dq6a2pck98t3k','KSC0015','STREET LIGHTING Issue in Ward 8 - Thevara','Complaint regarding street lighting issue that requires attention. Submitted by Maya George.','STREET_LIGHTING','REGISTERED','MEDIUM','OVERDUE','cmeju7ujo000mq6a2oqukee9q',NULL,'Thevara','Near Thevara junction','Sample address in Ward 8 - Thevara',NULL,'Maya George','maya.george@email.com','+91-9876540006',0,'cmeju7xt1002vq6a2w0vth3q0',NULL,NULL,1752600780000,NULL,NULL,NULL,1753205580000,NULL,NULL,NULL,NULL,1752600780000,1755686179375);
INSERT INTO complaints VALUES('cmeju7y2b005hq6a2wpytuosm','KSC0016','STREET LIGHTING Issue in Ward 3 - Ernakulam South','Complaint regarding street lighting issue that requires attention. Submitted by Vishnu Warrier.','STREET_LIGHTING','REGISTERED','MEDIUM','OVERDUE','cmeju7uj6000hq6a2f2gt9gbm',NULL,'Ernakulam South','Near Ernakulam South junction','Sample address in Ward 3 - Ernakulam South',NULL,'Vishnu Warrier','vishnu.warrier@email.com','+91-9876540007',0,'cmeju7xw9002xq6a28fhkqs9v',NULL,NULL,1751439660000,NULL,NULL,NULL,1752044460000,NULL,NULL,NULL,NULL,1751439660000,1755686179379);
INSERT INTO complaints VALUES('cmeju7y2f005lq6a2hibzgfyr','KSC0017','ELECTRICITY Issue in Ward 1 - Fort Kochi','Complaint regarding electricity issue that requires attention. Submitted by Vishnu Warrier.','ELECTRICITY','REGISTERED','LOW','OVERDUE','cmeju7uiz000fq6a2s9cppovk',NULL,'Fort Kochi','Near Fort Kochi junction','Sample address in Ward 1 - Fort Kochi',NULL,'Vishnu Warrier','vishnu.warrier@email.com','+91-9876540007',0,'cmeju7xw9002xq6a28fhkqs9v',NULL,NULL,1751823000000,NULL,NULL,NULL,1752427800000,NULL,NULL,NULL,NULL,1751823000000,1755686179383);
INSERT INTO complaints VALUES('cmeju7y2i005pq6a2dfn7xz77','KSC0018','STREET LIGHTING Issue in Ward 8 - Thevara','Complaint regarding street lighting issue that requires attention. Submitted by Maya George.','STREET_LIGHTING','REGISTERED','HIGH','OVERDUE','cmeju7ujo000mq6a2oqukee9q',NULL,'Thevara','Near Thevara junction','Sample address in Ward 8 - Thevara',NULL,'Maya George','maya.george@email.com','+91-9876540006',0,'cmeju7xt1002vq6a2w0vth3q0',NULL,NULL,1752241260000,NULL,NULL,NULL,1752846060000,NULL,NULL,NULL,NULL,1752241260000,1755686179387);
INSERT INTO complaints VALUES('cmeju7y2p005tq6a2zosh9mfl','KSC0019','STREET LIGHTING Issue in Ward 7 - Willingdon Island','Complaint regarding street lighting issue that requires attention. Submitted by Kavya Nair.','STREET_LIGHTING','REGISTERED','LOW','OVERDUE','cmeju7uji000lq6a2dbfkm7v5',NULL,'Willingdon Island','Near Willingdon Island junction','Sample address in Ward 7 - Willingdon Island',NULL,'Kavya Nair','kavya.nair@email.com','+91-9876540002',0,'cmeju7xd1002nq6a2hlus8rtp',NULL,NULL,1752587940000,NULL,NULL,NULL,1753192740000,NULL,NULL,NULL,NULL,1752587940000,1755686179394);
INSERT INTO complaints VALUES('cmeju7y2v005xq6a2t7rqkksq','KSC0020','ELECTRICITY Issue in Ward 5 - Panampilly Nagar','Complaint regarding electricity issue that requires attention. Submitted by Lakshmi Pillai.','ELECTRICITY','ASSIGNED','CRITICAL','OVERDUE','cmeju7uje000jq6a2o0mz2l9m',NULL,'Panampilly Nagar','Near Panampilly Nagar junction','Sample address in Ward 5 - Panampilly Nagar',NULL,'Lakshmi Pillai','lakshmi.pillai@email.com','+91-9876540004',0,'cmeju7xkm002rq6a21bqngy49','cmeju7w4b0029q6a2lhgl53k7',NULL,1751891820000,1751899020000,NULL,NULL,1752496620000,NULL,NULL,NULL,NULL,1751891820000,1755686179399);
INSERT INTO complaints VALUES('cmeju7y320063q6a29723lleq','KSC0021','WASTE MANAGEMENT Issue in Ward 1 - Fort Kochi','Complaint regarding waste management issue that requires attention. Submitted by Maya George.','WASTE_MANAGEMENT','REGISTERED','MEDIUM','OVERDUE','cmeju7uiz000fq6a2s9cppovk',NULL,'Fort Kochi','Near Fort Kochi junction','Sample address in Ward 1 - Fort Kochi',NULL,'Maya George','maya.george@email.com','+91-9876540006',0,'cmeju7xt1002vq6a2w0vth3q0',NULL,NULL,1753068600000,NULL,NULL,NULL,1753673400000,NULL,NULL,NULL,NULL,1753068600000,1755686179406);
INSERT INTO complaints VALUES('cmeju7y350067q6a2ve50cm2a','KSC0022','STREET LIGHTING Issue in Ward 7 - Willingdon Island','Complaint regarding street lighting issue that requires attention. Submitted by Anand Kumar.','STREET_LIGHTING','IN_PROGRESS','MEDIUM','OVERDUE','cmeju7uji000lq6a2dbfkm7v5',NULL,'Willingdon Island','Near Willingdon Island junction','Sample address in Ward 7 - Willingdon Island',NULL,'Anand Kumar','anand.kumar@email.com','+91-9876540005',0,'cmeju7xow002tq6a2oklqyiz1','cmeju7wd3002dq6a2p916tpq4',NULL,1751718360000,1751725560000,NULL,NULL,1752323160000,NULL,NULL,NULL,NULL,1751718360000,1755686179410);
INSERT INTO complaints VALUES('cmeju7y3a006dq6a2m5bly6yo','KSC0023','WATER SUPPLY Issue in Ward 1 - Fort Kochi','Complaint regarding water supply issue that requires attention. Submitted by Anand Kumar.','WATER_SUPPLY','ASSIGNED','HIGH','OVERDUE','cmeju7uiz000fq6a2s9cppovk',NULL,'Fort Kochi','Near Fort Kochi junction','Sample address in Ward 1 - Fort Kochi',NULL,'Anand Kumar','anand.kumar@email.com','+91-9876540005',0,'cmeju7xow002tq6a2oklqyiz1','cmeju7ve70021q6a284rd6ccr',NULL,1752946860000,1752954060000,NULL,NULL,1753551660000,NULL,NULL,NULL,NULL,1752946860000,1755686179415);
INSERT INTO complaints VALUES('cmeju7y3f006jq6a297zsxfo0','KSC0024','WASTE MANAGEMENT Issue in Ward 4 - Kadavanthra','Complaint regarding waste management issue that requires attention. Submitted by Vishnu Warrier.','WASTE_MANAGEMENT','REGISTERED','CRITICAL','OVERDUE','cmeju7ujc000iq6a2jlq77yar',NULL,'Kadavanthra','Near Kadavanthra junction','Sample address in Ward 4 - Kadavanthra',NULL,'Vishnu Warrier','vishnu.warrier@email.com','+91-9876540007',0,'cmeju7xw9002xq6a28fhkqs9v',NULL,NULL,1753093380000,NULL,NULL,NULL,1753698180000,NULL,NULL,NULL,NULL,1753093380000,1755686179419);
INSERT INTO complaints VALUES('cmeju7y3j006nq6a2tsnd66xi','KSC0025','ELECTRICITY Issue in Ward 1 - Fort Kochi','Complaint regarding electricity issue that requires attention. Submitted by Joseph Cherian.','ELECTRICITY','REGISTERED','HIGH','OVERDUE','cmeju7uiz000fq6a2s9cppovk',NULL,'Fort Kochi','Near Fort Kochi junction','Sample address in Ward 1 - Fort Kochi',NULL,'Joseph Cherian','joseph.cherian@email.com','+91-9876540003',0,'cmeju7xhd002pq6a2ntivdd05',NULL,NULL,1751991900000,NULL,NULL,NULL,1752596700000,NULL,NULL,NULL,NULL,1751991900000,1755686179424);
INSERT INTO complaints VALUES('cmeju7y3n006rq6a25wruon5j','KSC0026','WASTE MANAGEMENT Issue in Ward 6 - Marine Drive','Complaint regarding waste management issue that requires attention. Submitted by Lakshmi Pillai.','WASTE_MANAGEMENT','IN_PROGRESS','LOW','OVERDUE','cmeju7ujh000kq6a2codyspf2',NULL,'Marine Drive','Near Marine Drive junction','Sample address in Ward 6 - Marine Drive',NULL,'Lakshmi Pillai','lakshmi.pillai@email.com','+91-9876540004',0,'cmeju7xkm002rq6a21bqngy49','cmeju7w8z002bq6a2h9s4i5bp',NULL,1751361960000,1751369160000,NULL,NULL,1751966760000,NULL,NULL,NULL,NULL,1751361960000,1755686179427);
INSERT INTO complaints VALUES('cmeju7y3t006xq6a27v759ba5','KSC0027','WATER SUPPLY Issue in Ward 7 - Willingdon Island','Complaint regarding water supply issue that requires attention. Submitted by Lakshmi Pillai.','WATER_SUPPLY','REGISTERED','MEDIUM','OVERDUE','cmeju7uji000lq6a2dbfkm7v5',NULL,'Willingdon Island','Near Willingdon Island junction','Sample address in Ward 7 - Willingdon Island',NULL,'Lakshmi Pillai','lakshmi.pillai@email.com','+91-9876540004',0,'cmeju7xkm002rq6a21bqngy49',NULL,NULL,1753464300000,NULL,NULL,NULL,1754069100000,NULL,NULL,NULL,NULL,1753464300000,1755686179433);
INSERT INTO complaints VALUES('cmeju7y3w0071q6a2hn1wr5ia','KSC0028','WATER SUPPLY Issue in Ward 1 - Fort Kochi','Complaint regarding water supply issue that requires attention. Submitted by Vishnu Warrier.','WATER_SUPPLY','REGISTERED','CRITICAL','ON_TIME','cmeju7uiz000fq6a2s9cppovk',NULL,'Fort Kochi','Near Fort Kochi junction','Sample address in Ward 1 - Fort Kochi',NULL,'Vishnu Warrier','vishnu.warrier@email.com','+91-9876540007',0,'cmeju7xw9002xq6a28fhkqs9v',NULL,NULL,1755191160000,NULL,NULL,NULL,1755795960000,NULL,NULL,NULL,NULL,1755191160000,1755686179437);
INSERT INTO complaints VALUES('cmeju7y400075q6a213g5wq9g','KSC0029','WATER SUPPLY Issue in Ward 7 - Willingdon Island','Complaint regarding water supply issue that requires attention. Submitted by Lakshmi Pillai.','WATER_SUPPLY','ASSIGNED','LOW','ON_TIME','cmeju7uji000lq6a2dbfkm7v5',NULL,'Willingdon Island','Near Willingdon Island junction','Sample address in Ward 7 - Willingdon Island',NULL,'Lakshmi Pillai','lakshmi.pillai@email.com','+91-9876540004',0,'cmeju7xkm002rq6a21bqngy49','cmeju7wd3002dq6a2p916tpq4',NULL,1755863220000,1755870420000,NULL,NULL,1756468020000,NULL,NULL,NULL,NULL,1755863220000,1755686179440);
INSERT INTO complaints VALUES('cmeju7y45007bq6a2xzu7ypdn','KSC0030','ELECTRICITY Issue in Ward 1 - Fort Kochi','Complaint regarding electricity issue that requires attention. Submitted by Nisha Kumari.','ELECTRICITY','IN_PROGRESS','HIGH','OVERDUE','cmeju7uiz000fq6a2s9cppovk',NULL,'Fort Kochi','Near Fort Kochi junction','Sample address in Ward 1 - Fort Kochi',NULL,'Nisha Kumari','nisha.kumari@email.com','+91-9876540008',0,'cmeju7xzg002zq6a2sn194365','cmeju7ve70021q6a284rd6ccr',NULL,1754321760000,1754328960000,NULL,NULL,1754926560000,NULL,NULL,NULL,NULL,1754321760000,1755686179446);
INSERT INTO complaints VALUES('cmeju7y4a007hq6a26xe2a0hd','KSC0031','DRAINAGE Issue in Ward 5 - Panampilly Nagar','Complaint regarding drainage issue that requires attention. Submitted by Joseph Cherian.','DRAINAGE','REGISTERED','LOW','ON_TIME','cmeju7uje000jq6a2o0mz2l9m',NULL,'Panampilly Nagar','Near Panampilly Nagar junction','Sample address in Ward 5 - Panampilly Nagar',NULL,'Joseph Cherian','joseph.cherian@email.com','+91-9876540003',0,'cmeju7xhd002pq6a2ntivdd05',NULL,NULL,1755239700000,NULL,NULL,NULL,1755844500000,NULL,NULL,NULL,NULL,1755239700000,1755686179451);
INSERT INTO complaints VALUES('cmeju7y4e007lq6a2hz18mk05','KSC0032','DRAINAGE Issue in Ward 1 - Fort Kochi','Complaint regarding drainage issue that requires attention. Submitted by Joseph Cherian.','DRAINAGE','ASSIGNED','CRITICAL','ON_TIME','cmeju7uiz000fq6a2s9cppovk',NULL,'Fort Kochi','Near Fort Kochi junction','Sample address in Ward 1 - Fort Kochi',NULL,'Joseph Cherian','joseph.cherian@email.com','+91-9876540003',0,'cmeju7xhd002pq6a2ntivdd05','cmeju7ve70021q6a284rd6ccr',NULL,1756049040000,1756056240000,NULL,NULL,1756653840000,NULL,NULL,NULL,NULL,1756049040000,1755686179455);
INSERT INTO complaints VALUES('cmeju7y4k007rq6a2spx6bpgf','KSC0033','WASTE MANAGEMENT Issue in Ward 8 - Thevara','Complaint regarding waste management issue that requires attention. Submitted by Kavya Nair.','WASTE_MANAGEMENT','IN_PROGRESS','CRITICAL','ON_TIME','cmeju7ujo000mq6a2oqukee9q',NULL,'Thevara','Near Thevara junction','Sample address in Ward 8 - Thevara',NULL,'Kavya Nair','kavya.nair@email.com','+91-9876540002',0,'cmeju7xd1002nq6a2hlus8rtp','cmeju7wjh002fq6a28fd5rvju',NULL,1756657020000,1756664220000,NULL,NULL,1757261820000,NULL,NULL,NULL,NULL,1756657020000,1755686179460);
INSERT INTO complaints VALUES('cmeju7y4p007xq6a20p6qmncb','KSC0034','WASTE MANAGEMENT Issue in Ward 5 - Panampilly Nagar','Complaint regarding waste management issue that requires attention. Submitted by Vishnu Warrier.','WASTE_MANAGEMENT','IN_PROGRESS','LOW','OVERDUE','cmeju7uje000jq6a2o0mz2l9m',NULL,'Panampilly Nagar','Near Panampilly Nagar junction','Sample address in Ward 5 - Panampilly Nagar',NULL,'Vishnu Warrier','vishnu.warrier@email.com','+91-9876540007',0,'cmeju7xw9002xq6a28fhkqs9v','cmeju7w4b0029q6a2lhgl53k7',NULL,1754331540000,1754338740000,NULL,NULL,1754936340000,NULL,NULL,NULL,NULL,1754331540000,1755686179465);
INSERT INTO complaints VALUES('cmeju7y4u0083q6a28drtvp0d','KSC0035','STREET LIGHTING Issue in Ward 3 - Ernakulam South','Complaint regarding street lighting issue that requires attention. Submitted by Lakshmi Pillai.','STREET_LIGHTING','REGISTERED','LOW','ON_TIME','cmeju7uj6000hq6a2f2gt9gbm',NULL,'Ernakulam South','Near Ernakulam South junction','Sample address in Ward 3 - Ernakulam South',NULL,'Lakshmi Pillai','lakshmi.pillai@email.com','+91-9876540004',0,'cmeju7xkm002rq6a21bqngy49',NULL,NULL,1756523700000,NULL,NULL,NULL,1757128500000,NULL,NULL,NULL,NULL,1756523700000,1755686179470);
INSERT INTO complaints VALUES('cmeju7y4y0087q6a2cvpg1wvw','KSC0036','STREET LIGHTING Issue in Ward 7 - Willingdon Island','Complaint regarding street lighting issue that requires attention. Submitted by Joseph Cherian.','STREET_LIGHTING','REGISTERED','LOW','ON_TIME','cmeju7uji000lq6a2dbfkm7v5',NULL,'Willingdon Island','Near Willingdon Island junction','Sample address in Ward 7 - Willingdon Island',NULL,'Joseph Cherian','joseph.cherian@email.com','+91-9876540003',0,'cmeju7xhd002pq6a2ntivdd05',NULL,NULL,1755309240000,NULL,NULL,NULL,1755914040000,NULL,NULL,NULL,NULL,1755309240000,1755686179474);
INSERT INTO complaints VALUES('cmeju7y52008bq6a2cp5zkyxq','KSC0037','ROAD REPAIR Issue in Ward 6 - Marine Drive','Complaint regarding road repair issue that requires attention. Submitted by Arjun Menon.','ROAD_REPAIR','IN_PROGRESS','HIGH','ON_TIME','cmeju7ujh000kq6a2codyspf2',NULL,'Marine Drive','Near Marine Drive junction','Sample address in Ward 6 - Marine Drive',NULL,'Arjun Menon','arjun.menon@email.com','+91-9876540001',0,'cmeju7x8j002lq6a2kw874jn0','cmeju7w8z002bq6a2h9s4i5bp',NULL,1755424080000,1755431280000,NULL,NULL,1756028880000,NULL,NULL,NULL,NULL,1755424080000,1755686179478);
INSERT INTO complaints VALUES('cmeju7y58008hq6a2bz8xaoma','KSC0038','DRAINAGE Issue in Ward 1 - Fort Kochi','Complaint regarding drainage issue that requires attention. Submitted by Nisha Kumari.','DRAINAGE','REGISTERED','LOW','ON_TIME','cmeju7uiz000fq6a2s9cppovk',NULL,'Fort Kochi','Near Fort Kochi junction','Sample address in Ward 1 - Fort Kochi',NULL,'Nisha Kumari','nisha.kumari@email.com','+91-9876540008',0,'cmeju7xzg002zq6a2sn194365',NULL,NULL,1756030500000,NULL,NULL,NULL,1756635300000,NULL,NULL,NULL,NULL,1756030500000,1755686179484);
INSERT INTO complaints VALUES('cmeju7y5c008lq6a2l04s0j6u','KSC0039','ROAD REPAIR Issue in Ward 3 - Ernakulam South','Complaint regarding road repair issue that requires attention. Submitted by Anand Kumar.','ROAD_REPAIR','IN_PROGRESS','MEDIUM','OVERDUE','cmeju7uj6000hq6a2f2gt9gbm',NULL,'Ernakulam South','Near Ernakulam South junction','Sample address in Ward 3 - Ernakulam South',NULL,'Anand Kumar','anand.kumar@email.com','+91-9876540005',0,'cmeju7xow002tq6a2oklqyiz1','cmeju7vx70025q6a2h45ckz40',NULL,1754077980000,1754085180000,NULL,NULL,1754682780000,NULL,NULL,NULL,NULL,1754077980000,1755686179488);
INSERT INTO complaints VALUES('cmeju7y5i008rq6a24tyuufta','KSC0040','ELECTRICITY Issue in Ward 4 - Kadavanthra','Complaint regarding electricity issue that requires attention. Submitted by Anand Kumar.','ELECTRICITY','REGISTERED','CRITICAL','ON_TIME','cmeju7ujc000iq6a2jlq77yar',NULL,'Kadavanthra','Near Kadavanthra junction','Sample address in Ward 4 - Kadavanthra',NULL,'Anand Kumar','anand.kumar@email.com','+91-9876540005',0,'cmeju7xow002tq6a2oklqyiz1',NULL,NULL,1757032980000,NULL,NULL,NULL,1757637780000,NULL,NULL,NULL,NULL,1757032980000,1755686179494);
INSERT INTO complaints VALUES('cmeju7y5m008vq6a22325arpz','KSC0041','ROAD REPAIR Issue in Ward 6 - Marine Drive','Complaint regarding road repair issue that requires attention. Submitted by Maya George.','ROAD_REPAIR','REGISTERED','CRITICAL','ON_TIME','cmeju7ujh000kq6a2codyspf2',NULL,'Marine Drive','Near Marine Drive junction','Sample address in Ward 6 - Marine Drive',NULL,'Maya George','maya.george@email.com','+91-9876540006',0,'cmeju7xt1002vq6a2w0vth3q0',NULL,NULL,1756711680000,NULL,NULL,NULL,1757316480000,NULL,NULL,NULL,NULL,1756711680000,1755686179498);
INSERT INTO complaints VALUES('cmeju7y5q008zq6a2lrzvrt3i','KSC0042','STREET LIGHTING Issue in Ward 1 - Fort Kochi','Complaint regarding street lighting issue that requires attention. Submitted by Maya George.','STREET_LIGHTING','ASSIGNED','LOW','ON_TIME','cmeju7uiz000fq6a2s9cppovk',NULL,'Fort Kochi','Near Fort Kochi junction','Sample address in Ward 1 - Fort Kochi',NULL,'Maya George','maya.george@email.com','+91-9876540006',0,'cmeju7xt1002vq6a2w0vth3q0','cmeju7ve70021q6a284rd6ccr',NULL,1758134880000,1758142080000,NULL,NULL,1758739680000,NULL,NULL,NULL,NULL,1758134880000,1755686179502);
INSERT INTO complaints VALUES('cmeju7y5v0095q6a2yom8r1w1','KSC0043','STREET LIGHTING Issue in Ward 3 - Ernakulam South','Complaint regarding street lighting issue that requires attention. Submitted by Lakshmi Pillai.','STREET_LIGHTING','IN_PROGRESS','HIGH','ON_TIME','cmeju7uj6000hq6a2f2gt9gbm',NULL,'Ernakulam South','Near Ernakulam South junction','Sample address in Ward 3 - Ernakulam South',NULL,'Lakshmi Pillai','lakshmi.pillai@email.com','+91-9876540004',0,'cmeju7xkm002rq6a21bqngy49','cmeju7vx70025q6a2h45ckz40',NULL,1757787240000,1757794440000,NULL,NULL,1758392040000,NULL,NULL,NULL,NULL,1757787240000,1755686179508);
INSERT INTO complaints VALUES('cmeju7y61009bq6a2nd1d1xj7','KSC0044','STREET LIGHTING Issue in Ward 3 - Ernakulam South','Complaint regarding street lighting issue that requires attention. Submitted by Vishnu Warrier.','STREET_LIGHTING','ASSIGNED','LOW','ON_TIME','cmeju7uj6000hq6a2f2gt9gbm',NULL,'Ernakulam South','Near Ernakulam South junction','Sample address in Ward 3 - Ernakulam South',NULL,'Vishnu Warrier','vishnu.warrier@email.com','+91-9876540007',0,'cmeju7xw9002xq6a28fhkqs9v','cmeju7vx70025q6a2h45ckz40',NULL,1756933260000,1756940460000,NULL,NULL,1757538060000,NULL,NULL,NULL,NULL,1756933260000,1755686179513);
INSERT INTO complaints VALUES('cmeju7y66009hq6a2uxwavare','KSC0045','WATER SUPPLY Issue in Ward 4 - Kadavanthra','Complaint regarding water supply issue that requires attention. Submitted by Arjun Menon.','WATER_SUPPLY','IN_PROGRESS','CRITICAL','ON_TIME','cmeju7ujc000iq6a2jlq77yar',NULL,'Kadavanthra','Near Kadavanthra junction','Sample address in Ward 4 - Kadavanthra',NULL,'Arjun Menon','arjun.menon@email.com','+91-9876540001',0,'cmeju7x8j002lq6a2kw874jn0','cmeju7w0o0027q6a2hwf5l61q',NULL,1758222420000,1758229620000,NULL,NULL,1758827220000,NULL,NULL,NULL,NULL,1758222420000,1755686179519);
INSERT INTO complaints VALUES('cmeju7y6b009nq6a2yy78e65z','KSC0046','WASTE MANAGEMENT Issue in Ward 5 - Panampilly Nagar','Complaint regarding waste management issue that requires attention. Submitted by Joseph Cherian.','WASTE_MANAGEMENT','IN_PROGRESS','LOW','ON_TIME','cmeju7uje000jq6a2o0mz2l9m',NULL,'Panampilly Nagar','Near Panampilly Nagar junction','Sample address in Ward 5 - Panampilly Nagar',NULL,'Joseph Cherian','joseph.cherian@email.com','+91-9876540003',0,'cmeju7xhd002pq6a2ntivdd05','cmeju7w4b0029q6a2lhgl53k7',NULL,1758084600000,1758091800000,NULL,NULL,1758689400000,NULL,NULL,NULL,NULL,1758084600000,1755686179524);
INSERT INTO complaints VALUES('cmeju7y6h009tq6a2og2ebktm','KSC0047','WATER SUPPLY Issue in Ward 8 - Thevara','Complaint regarding water supply issue that requires attention. Submitted by Joseph Cherian.','WATER_SUPPLY','ASSIGNED','MEDIUM','ON_TIME','cmeju7ujo000mq6a2oqukee9q',NULL,'Thevara','Near Thevara junction','Sample address in Ward 8 - Thevara',NULL,'Joseph Cherian','joseph.cherian@email.com','+91-9876540003',0,'cmeju7xhd002pq6a2ntivdd05','cmeju7wjh002fq6a28fd5rvju',NULL,1756946160000,1756953360000,NULL,NULL,1757550960000,NULL,NULL,NULL,NULL,1756946160000,1755686179529);
INSERT INTO complaints VALUES('cmeju7y6m009zq6a2ubohyi6p','KSC0048','ROAD REPAIR Issue in Ward 7 - Willingdon Island','Complaint regarding road repair issue that requires attention. Submitted by Nisha Kumari.','ROAD_REPAIR','IN_PROGRESS','LOW','ON_TIME','cmeju7uji000lq6a2dbfkm7v5',NULL,'Willingdon Island','Near Willingdon Island junction','Sample address in Ward 7 - Willingdon Island',NULL,'Nisha Kumari','nisha.kumari@email.com','+91-9876540008',0,'cmeju7xzg002zq6a2sn194365','cmeju7wd3002dq6a2p916tpq4',NULL,1758100200000,1758107400000,NULL,NULL,1758705000000,NULL,NULL,NULL,NULL,1758100200000,1755686179534);
INSERT INTO complaints VALUES('cmeju7y6r00a5q6a25xl1str4','KSC0049','STREET LIGHTING Issue in Ward 2 - Mattancherry','Complaint regarding street lighting issue that requires attention. Submitted by Kavya Nair.','STREET_LIGHTING','IN_PROGRESS','HIGH','ON_TIME','cmeju7uj2000gq6a2s9m9lkje',NULL,'Mattancherry','Near Mattancherry junction','Sample address in Ward 2 - Mattancherry',NULL,'Kavya Nair','kavya.nair@email.com','+91-9876540002',0,'cmeju7xd1002nq6a2hlus8rtp','cmeju7vsd0023q6a2sfygxs4n',NULL,1761181560000,1761188760000,NULL,NULL,1761786360000,NULL,NULL,NULL,NULL,1761181560000,1755686179539);
INSERT INTO complaints VALUES('cmeju7y6x00abq6a2rgdhlyu6','KSC0050','WASTE MANAGEMENT Issue in Ward 1 - Fort Kochi','Complaint regarding waste management issue that requires attention. Submitted by Joseph Cherian.','WASTE_MANAGEMENT','ASSIGNED','CRITICAL','ON_TIME','cmeju7uiz000fq6a2s9cppovk',NULL,'Fort Kochi','Near Fort Kochi junction','Sample address in Ward 1 - Fort Kochi',NULL,'Joseph Cherian','joseph.cherian@email.com','+91-9876540003',0,'cmeju7xhd002pq6a2ntivdd05','cmeju7ve70021q6a284rd6ccr',NULL,1760455560000,1760462760000,NULL,NULL,1761060360000,NULL,NULL,NULL,NULL,1760455560000,1755686179545);
INSERT INTO complaints VALUES('cmeju7y7200ahq6a2xbo7rvnd','KSC0051','ELECTRICITY Issue in Ward 5 - Panampilly Nagar','Complaint regarding electricity issue that requires attention. Submitted by Maya George.','ELECTRICITY','ASSIGNED','CRITICAL','ON_TIME','cmeju7uje000jq6a2o0mz2l9m',NULL,'Panampilly Nagar','Near Panampilly Nagar junction','Sample address in Ward 5 - Panampilly Nagar',NULL,'Maya George','maya.george@email.com','+91-9876540006',0,'cmeju7xt1002vq6a2w0vth3q0','cmeju7x5c002jq6a2ua1ecb38',NULL,1759397100000,1755752649479,NULL,NULL,1760001900000,NULL,NULL,NULL,NULL,1759397100000,1755752649480);
INSERT INTO complaints VALUES('cmeju7y7800anq6a2ujrchk1m','KSC0052','STREET LIGHTING Issue in Ward 2 - Mattancherry','Complaint regarding street lighting issue that requires attention. Submitted by Kavya Nair.','STREET_LIGHTING','REGISTERED','LOW','ON_TIME','cmeju7uj2000gq6a2s9m9lkje',NULL,'Mattancherry','Near Mattancherry junction','Sample address in Ward 2 - Mattancherry',NULL,'Kavya Nair','kavya.nair@email.com','+91-9876540002',0,'cmeju7xd1002nq6a2hlus8rtp',NULL,NULL,1761796860000,NULL,NULL,NULL,1762401660000,NULL,NULL,NULL,NULL,1761796860000,1755686179556);
INSERT INTO complaints VALUES('cmeju7y7e00arq6a2k9uyi75x','KSC0053','WASTE MANAGEMENT Issue in Ward 4 - Kadavanthra','Complaint regarding waste management issue that requires attention. Submitted by Maya George.','WASTE_MANAGEMENT','ASSIGNED','CRITICAL','ON_TIME','cmeju7ujc000iq6a2jlq77yar',NULL,'Kadavanthra','Near Kadavanthra junction','Sample address in Ward 4 - Kadavanthra',NULL,'Maya George','maya.george@email.com','+91-9876540006',0,'cmeju7xt1002vq6a2w0vth3q0','cmeju7w0o0027q6a2hwf5l61q',NULL,1761277980000,1761285180000,NULL,NULL,1761882780000,NULL,NULL,NULL,NULL,1761277980000,1755686179562);
INSERT INTO complaints VALUES('cmeju7y7j00axq6a2axsu51kr','KSC0054','STREET LIGHTING Issue in Ward 8 - Thevara','Complaint regarding street lighting issue that requires attention. Submitted by Joseph Cherian.','STREET_LIGHTING','REGISTERED','MEDIUM','ON_TIME','cmeju7ujo000mq6a2oqukee9q',NULL,'Thevara','Near Thevara junction','Sample address in Ward 8 - Thevara',NULL,'Joseph Cherian','joseph.cherian@email.com','+91-9876540003',0,'cmeju7xhd002pq6a2ntivdd05',NULL,NULL,1761265560000,NULL,NULL,NULL,1761870360000,NULL,NULL,NULL,NULL,1761265560000,1755686179567);
INSERT INTO complaints VALUES('cmeju7y7m00b1q6a23s35cr2z','KSC0055','ROAD REPAIR Issue in Ward 4 - Kadavanthra','Complaint regarding road repair issue that requires attention. Submitted by Nisha Kumari.','ROAD_REPAIR','REGISTERED','MEDIUM','ON_TIME','cmeju7ujc000iq6a2jlq77yar',NULL,'Kadavanthra','Near Kadavanthra junction','Sample address in Ward 4 - Kadavanthra',NULL,'Nisha Kumari','nisha.kumari@email.com','+91-9876540008',0,'cmeju7xzg002zq6a2sn194365',NULL,NULL,1760739420000,NULL,NULL,NULL,1761344220000,NULL,NULL,NULL,NULL,1760739420000,1755686179571);
INSERT INTO complaints VALUES('cmeju7y7q00b5q6a27dporedh','KSC0056','WASTE MANAGEMENT Issue in Ward 1 - Fort Kochi','Complaint regarding waste management issue that requires attention. Submitted by Joseph Cherian.','WASTE_MANAGEMENT','IN_PROGRESS','LOW','ON_TIME','cmeju7uiz000fq6a2s9cppovk',NULL,'Fort Kochi','Near Fort Kochi junction','Sample address in Ward 1 - Fort Kochi',NULL,'Joseph Cherian','joseph.cherian@email.com','+91-9876540003',0,'cmeju7xhd002pq6a2ntivdd05','cmeju7ve70021q6a284rd6ccr',NULL,1760902440000,1760909640000,NULL,NULL,1761507240000,NULL,NULL,NULL,NULL,1760902440000,1755686179575);
INSERT INTO complaints VALUES('cmeju7y7w00bbq6a2zlsw7zah','KSC0057','STREET LIGHTING Issue in Ward 4 - Kadavanthra','Complaint regarding street lighting issue that requires attention. Submitted by Kavya Nair.','STREET_LIGHTING','IN_PROGRESS','HIGH','ON_TIME','cmeju7ujc000iq6a2jlq77yar',NULL,'Kadavanthra','Near Kadavanthra junction','Sample address in Ward 4 - Kadavanthra',NULL,'Kavya Nair','kavya.nair@email.com','+91-9876540002',0,'cmeju7xd1002nq6a2hlus8rtp','cmeju7w0o0027q6a2hwf5l61q',NULL,1760713800000,1760721000000,NULL,NULL,1761318600000,NULL,NULL,NULL,NULL,1760713800000,1755686179580);
INSERT INTO complaints VALUES('cmeju7y8100bhq6a2x8pzt3dr','KSC0058','ELECTRICITY Issue in Ward 2 - Mattancherry','Complaint regarding electricity issue that requires attention. Submitted by Maya George.','ELECTRICITY','ASSIGNED','MEDIUM','ON_TIME','cmeju7uj2000gq6a2s9m9lkje',NULL,'Mattancherry','Near Mattancherry junction','Sample address in Ward 2 - Mattancherry',NULL,'Maya George','maya.george@email.com','+91-9876540006',0,'cmeju7xt1002vq6a2w0vth3q0','cmeju7vsd0023q6a2sfygxs4n',NULL,1760415780000,1760422980000,NULL,NULL,1761020580000,NULL,NULL,NULL,NULL,1760415780000,1755686179585);
INSERT INTO complaints VALUES('cmeju7y8600bnq6a2n6xrvqo9','KSC0059','STREET LIGHTING Issue in Ward 2 - Mattancherry','Complaint regarding street lighting issue that requires attention. Submitted by Anand Kumar.','STREET_LIGHTING','IN_PROGRESS','LOW','ON_TIME','cmeju7uj2000gq6a2s9m9lkje',NULL,'Mattancherry','Near Mattancherry junction','Sample address in Ward 2 - Mattancherry',NULL,'Anand Kumar','anand.kumar@email.com','+91-9876540005',0,'cmeju7xow002tq6a2oklqyiz1','cmeju7vsd0023q6a2sfygxs4n',NULL,1761093240000,1761100440000,NULL,NULL,1761698040000,NULL,NULL,NULL,NULL,1761093240000,1755686179591);
INSERT INTO complaints VALUES('cmeju7y8c00btq6a21vl4fom3','KSC0060','ELECTRICITY Issue in Ward 1 - Fort Kochi','Complaint regarding electricity issue that requires attention. Submitted by Joseph Cherian.','ELECTRICITY','IN_PROGRESS','HIGH','ON_TIME','cmeju7uiz000fq6a2s9cppovk',NULL,'Fort Kochi','Near Fort Kochi junction','Sample address in Ward 1 - Fort Kochi',NULL,'Joseph Cherian','joseph.cherian@email.com','+91-9876540003',0,'cmeju7xhd002pq6a2ntivdd05','cmeju7ve70021q6a284rd6ccr',NULL,1760830200000,1760837400000,NULL,NULL,1761435000000,NULL,NULL,NULL,NULL,1760830200000,1755686179596);
INSERT INTO complaints VALUES('cmeju7y8h00bzq6a2ksq6o18r','KSC0061','WATER SUPPLY Issue in Ward 2 - Mattancherry','Complaint regarding water supply issue that requires attention. Submitted by Joseph Cherian.','WATER_SUPPLY','REGISTERED','CRITICAL','ON_TIME','cmeju7uj2000gq6a2s9m9lkje',NULL,'Mattancherry','Near Mattancherry junction','Sample address in Ward 2 - Mattancherry',NULL,'Joseph Cherian','joseph.cherian@email.com','+91-9876540003',0,'cmeju7xhd002pq6a2ntivdd05',NULL,NULL,1761791400000,NULL,NULL,NULL,1762396200000,NULL,NULL,NULL,NULL,1761791400000,1755686179601);
INSERT INTO complaints VALUES('cmeju7y8l00c3q6a2z8g9xblv','KSC0062','ELECTRICITY Issue in Ward 5 - Panampilly Nagar','Complaint regarding electricity issue that requires attention. Submitted by Lakshmi Pillai.','ELECTRICITY','ASSIGNED','LOW','ON_TIME','cmeju7uje000jq6a2o0mz2l9m',NULL,'Panampilly Nagar','Near Panampilly Nagar junction','Sample address in Ward 5 - Panampilly Nagar',NULL,'Lakshmi Pillai','lakshmi.pillai@email.com','+91-9876540004',0,'cmeju7xkm002rq6a21bqngy49','cmeju7w4b0029q6a2lhgl53k7',NULL,1759699200000,1759706400000,NULL,NULL,1760304000000,NULL,NULL,NULL,NULL,1759699200000,1755686179605);
INSERT INTO complaints VALUES('cmeju7y8q00c9q6a2jdlae5md','KSC0063','ROAD REPAIR Issue in Ward 3 - Ernakulam South','Complaint regarding road repair issue that requires attention. Submitted by Kavya Nair.','ROAD_REPAIR','RESOLVED','LOW','COMPLETED','cmeju7uj6000hq6a2f2gt9gbm',NULL,'Ernakulam South','Near Ernakulam South junction','Sample address in Ward 3 - Ernakulam South',NULL,'Kavya Nair','kavya.nair@email.com','+91-9876540002',0,'cmeju7xd1002nq6a2hlus8rtp','cmeju7vx70025q6a2h45ckz40',NULL,1763852460000,1763859660000,1764419159432,NULL,1764457260000,NULL,NULL,1,NULL,1763852460000,1755686179610);
INSERT INTO complaints VALUES('cmeju7y8w00cfq6a252i1zi62','KSC0064','ELECTRICITY Issue in Ward 4 - Kadavanthra','Complaint regarding electricity issue that requires attention. Submitted by Maya George.','ELECTRICITY','REGISTERED','MEDIUM','ON_TIME','cmeju7ujc000iq6a2jlq77yar',NULL,'Kadavanthra','Near Kadavanthra junction','Sample address in Ward 4 - Kadavanthra',NULL,'Maya George','maya.george@email.com','+91-9876540006',0,'cmeju7xt1002vq6a2w0vth3q0',NULL,NULL,1764060180000,NULL,NULL,NULL,1764664980000,NULL,NULL,NULL,NULL,1764060180000,1755686179616);
INSERT INTO complaints VALUES('cmeju7y9000cjq6a2jv46z1zu','KSC0065','ELECTRICITY Issue in Ward 6 - Marine Drive','Complaint regarding electricity issue that requires attention. Submitted by Arjun Menon.','ELECTRICITY','ASSIGNED','HIGH','ON_TIME','cmeju7ujh000kq6a2codyspf2',NULL,'Marine Drive','Near Marine Drive junction','Sample address in Ward 6 - Marine Drive',NULL,'Arjun Menon','arjun.menon@email.com','+91-9876540001',0,'cmeju7x8j002lq6a2kw874jn0','cmeju7w8z002bq6a2h9s4i5bp',NULL,1762375500000,1762382700000,NULL,NULL,1762980300000,NULL,NULL,NULL,NULL,1762375500000,1755686179620);
INSERT INTO complaints VALUES('cmeju7y9500cpq6a2nzr7ue5o','KSC0066','ROAD REPAIR Issue in Ward 6 - Marine Drive','Complaint regarding road repair issue that requires attention. Submitted by Maya George.','ROAD_REPAIR','REGISTERED','LOW','ON_TIME','cmeju7ujh000kq6a2codyspf2',NULL,'Marine Drive','Near Marine Drive junction','Sample address in Ward 6 - Marine Drive',NULL,'Maya George','maya.george@email.com','+91-9876540006',0,'cmeju7xt1002vq6a2w0vth3q0',NULL,NULL,1763376000000,NULL,NULL,NULL,1763980800000,NULL,NULL,NULL,NULL,1763376000000,1755686179626);
INSERT INTO complaints VALUES('cmeju7y9900ctq6a2nzvhrar7','KSC0067','STREET LIGHTING Issue in Ward 2 - Mattancherry','Complaint regarding street lighting issue that requires attention. Submitted by Joseph Cherian.','STREET_LIGHTING','RESOLVED','MEDIUM','COMPLETED','cmeju7uj2000gq6a2s9m9lkje',NULL,'Mattancherry','Near Mattancherry junction','Sample address in Ward 2 - Mattancherry',NULL,'Joseph Cherian','joseph.cherian@email.com','+91-9876540003',0,'cmeju7xhd002pq6a2ntivdd05','cmeju7vsd0023q6a2sfygxs4n',NULL,1763964540000,1763971740000,1764802268193,NULL,1764569340000,NULL,NULL,2,NULL,1763964540000,1755686179629);
INSERT INTO complaints VALUES('cmeju7y9e00czq6a2ncd42i5p','KSC0068','ELECTRICITY Issue in Ward 3 - Ernakulam South','Complaint regarding electricity issue that requires attention. Submitted by Joseph Cherian.','ELECTRICITY','RESOLVED','HIGH','COMPLETED','cmeju7uj6000hq6a2f2gt9gbm',NULL,'Ernakulam South','Near Ernakulam South junction','Sample address in Ward 3 - Ernakulam South',NULL,'Joseph Cherian','joseph.cherian@email.com','+91-9876540003',0,'cmeju7xhd002pq6a2ntivdd05','cmeju7vx70025q6a2h45ckz40',NULL,1763425740000,1763432940000,1764116492468,NULL,1764030540000,NULL,NULL,NULL,NULL,1763425740000,1755686179634);
INSERT INTO complaints VALUES('cmeju7y9k00d5q6a23k0wlslu','KSC0069','WASTE MANAGEMENT Issue in Ward 4 - Kadavanthra','Complaint regarding waste management issue that requires attention. Submitted by Kavya Nair.','WASTE_MANAGEMENT','RESOLVED','LOW','COMPLETED','cmeju7ujc000iq6a2jlq77yar',NULL,'Kadavanthra','Near Kadavanthra junction','Sample address in Ward 4 - Kadavanthra',NULL,'Kavya Nair','kavya.nair@email.com','+91-9876540002',0,'cmeju7xd1002nq6a2hlus8rtp','cmeju7w0o0027q6a2hwf5l61q',NULL,1763873220000,1763880420000,1764021138634,NULL,1764478020000,NULL,NULL,NULL,NULL,1763873220000,1755686179641);
INSERT INTO complaints VALUES('cmeju7y9p00dbq6a2xnedbixm','KSC0070','ROAD REPAIR Issue in Ward 2 - Mattancherry','Complaint regarding road repair issue that requires attention. Submitted by Anand Kumar.','ROAD_REPAIR','RESOLVED','LOW','COMPLETED','cmeju7uj2000gq6a2s9m9lkje',NULL,'Mattancherry','Near Mattancherry junction','Sample address in Ward 2 - Mattancherry',NULL,'Anand Kumar','anand.kumar@email.com','+91-9876540005',0,'cmeju7xow002tq6a2oklqyiz1','cmeju7vsd0023q6a2sfygxs4n',NULL,1764237660000,1764244860000,1765059668467,NULL,1764842460000,NULL,NULL,5,NULL,1764237660000,1755686179646);
INSERT INTO complaints VALUES('cmeju7y9u00dhq6a22b4fpeu3','KSC0071','STREET LIGHTING Issue in Ward 8 - Thevara','Complaint regarding street lighting issue that requires attention. Submitted by Maya George.','STREET_LIGHTING','IN_PROGRESS','HIGH','ON_TIME','cmeju7ujo000mq6a2oqukee9q',NULL,'Thevara','Near Thevara junction','Sample address in Ward 8 - Thevara',NULL,'Maya George','maya.george@email.com','+91-9876540006',0,'cmeju7xt1002vq6a2w0vth3q0','cmeju7wjh002fq6a28fd5rvju',NULL,1763533140000,1763540340000,NULL,NULL,1764137940000,NULL,NULL,NULL,NULL,1763533140000,1755686179651);
INSERT INTO complaints VALUES('cmeju7y9z00dnq6a243msejbu','KSC0072','DRAINAGE Issue in Ward 4 - Kadavanthra','Complaint regarding drainage issue that requires attention. Submitted by Lakshmi Pillai.','DRAINAGE','REGISTERED','CRITICAL','ON_TIME','cmeju7ujc000iq6a2jlq77yar',NULL,'Kadavanthra','Near Kadavanthra junction','Sample address in Ward 4 - Kadavanthra',NULL,'Lakshmi Pillai','lakshmi.pillai@email.com','+91-9876540004',0,'cmeju7xkm002rq6a21bqngy49',NULL,NULL,1762710720000,NULL,NULL,NULL,1763315520000,NULL,NULL,NULL,NULL,1762710720000,1755686179655);
INSERT INTO complaints VALUES('cmeju7ya300drq6a2bstgiw0r','KSC0073','DRAINAGE Issue in Ward 8 - Thevara','Complaint regarding drainage issue that requires attention. Submitted by Anand Kumar.','DRAINAGE','ASSIGNED','LOW','ON_TIME','cmeju7ujo000mq6a2oqukee9q',NULL,'Thevara','Near Thevara junction','Sample address in Ward 8 - Thevara',NULL,'Anand Kumar','anand.kumar@email.com','+91-9876540005',0,'cmeju7xow002tq6a2oklqyiz1','cmeju7wjh002fq6a28fd5rvju',NULL,1763589600000,1763596800000,NULL,NULL,1764194400000,NULL,NULL,NULL,NULL,1763589600000,1755686179659);
INSERT INTO complaints VALUES('cmeju7yac00dxq6a2wudzpmor','KSC0074','DRAINAGE Issue in Ward 2 - Mattancherry','Complaint regarding drainage issue that requires attention. Submitted by Nisha Kumari.','DRAINAGE','ASSIGNED','MEDIUM','ON_TIME','cmeju7uj2000gq6a2s9m9lkje',NULL,'Mattancherry','Near Mattancherry junction','Sample address in Ward 2 - Mattancherry',NULL,'Nisha Kumari','nisha.kumari@email.com','+91-9876540008',0,'cmeju7xzg002zq6a2sn194365','cmeju7vsd0023q6a2sfygxs4n',NULL,1763751900000,1763759100000,NULL,NULL,1764356700000,NULL,NULL,NULL,NULL,1763751900000,1755686179669);
INSERT INTO complaints VALUES('cmeju7yal00e3q6a2f636x380','KSC0075','WATER SUPPLY Issue in Ward 7 - Willingdon Island','Complaint regarding water supply issue that requires attention. Submitted by Kavya Nair.','WATER_SUPPLY','RESOLVED','HIGH','COMPLETED','cmeju7uji000lq6a2dbfkm7v5',NULL,'Willingdon Island','Near Willingdon Island junction','Sample address in Ward 7 - Willingdon Island',NULL,'Kavya Nair','kavya.nair@email.com','+91-9876540002',0,'cmeju7xd1002nq6a2hlus8rtp','cmeju7wd3002dq6a2p916tpq4',NULL,1763385480000,1763392680000,1763942124805,NULL,1763990280000,NULL,NULL,NULL,NULL,1763385480000,1755686179677);
INSERT INTO complaints VALUES('cmeju7yat00e9q6a2mur5w07q','KSC0076','STREET LIGHTING Issue in Ward 8 - Thevara','Complaint regarding street lighting issue that requires attention. Submitted by Lakshmi Pillai.','STREET_LIGHTING','REGISTERED','MEDIUM','ON_TIME','cmeju7ujo000mq6a2oqukee9q',NULL,'Thevara','Near Thevara junction','Sample address in Ward 8 - Thevara',NULL,'Lakshmi Pillai','lakshmi.pillai@email.com','+91-9876540004',0,'cmeju7xkm002rq6a21bqngy49',NULL,NULL,1764050700000,NULL,NULL,NULL,1764655500000,NULL,NULL,NULL,NULL,1764050700000,1755686179685);
INSERT INTO complaints VALUES('cmeju7yay00edq6a260hycmhu','KSC0077','WASTE MANAGEMENT Issue in Ward 2 - Mattancherry','Complaint regarding waste management issue that requires attention. Submitted by Lakshmi Pillai.','WASTE_MANAGEMENT','ASSIGNED','MEDIUM','ON_TIME','cmeju7uj2000gq6a2s9m9lkje',NULL,'Mattancherry','Near Mattancherry junction','Sample address in Ward 2 - Mattancherry',NULL,'Lakshmi Pillai','lakshmi.pillai@email.com','+91-9876540004',0,'cmeju7xkm002rq6a21bqngy49','cmeju7vsd0023q6a2sfygxs4n',NULL,1762593360000,1762600560000,NULL,NULL,1763198160000,NULL,NULL,NULL,NULL,1762593360000,1755686179690);
INSERT INTO complaints VALUES('cmeju7yb800ejq6a2tjuj33z0','KSC0078','ELECTRICITY Issue in Ward 7 - Willingdon Island','Complaint regarding electricity issue that requires attention. Submitted by Maya George.','ELECTRICITY','IN_PROGRESS','LOW','ON_TIME','cmeju7uji000lq6a2dbfkm7v5',NULL,'Willingdon Island','Near Willingdon Island junction','Sample address in Ward 7 - Willingdon Island',NULL,'Maya George','maya.george@email.com','+91-9876540006',0,'cmeju7xt1002vq6a2w0vth3q0','cmeju7wd3002dq6a2p916tpq4',NULL,1763465520000,1763472720000,NULL,NULL,1764070320000,NULL,NULL,NULL,NULL,1763465520000,1755686179701);
INSERT INTO complaints VALUES('cmeju7ybf00epq6a26q3lz2ot','KSC0079','STREET LIGHTING Issue in Ward 8 - Thevara','Complaint regarding street lighting issue that requires attention. Submitted by Joseph Cherian.','STREET_LIGHTING','RESOLVED','LOW','COMPLETED','cmeju7ujo000mq6a2oqukee9q',NULL,'Thevara','Near Thevara junction','Sample address in Ward 8 - Thevara',NULL,'Joseph Cherian','joseph.cherian@email.com','+91-9876540003',0,'cmeju7xhd002pq6a2ntivdd05','cmeju7wjh002fq6a28fd5rvju',NULL,1762601460000,1762608660000,1763302025819,NULL,1763206260000,NULL,NULL,NULL,NULL,1762601460000,1755686179707);
INSERT INTO complaints VALUES('cmeju7ybl00evq6a2n79gclfp','KSC0080','ELECTRICITY Issue in Ward 3 - Ernakulam South','Complaint regarding electricity issue that requires attention. Submitted by Nisha Kumari.','ELECTRICITY','REGISTERED','HIGH','ON_TIME','cmeju7uj6000hq6a2f2gt9gbm',NULL,'Ernakulam South','Near Ernakulam South junction','Sample address in Ward 3 - Ernakulam South',NULL,'Nisha Kumari','nisha.kumari@email.com','+91-9876540008',0,'cmeju7xzg002zq6a2sn194365',NULL,NULL,1763787360000,NULL,NULL,NULL,1764392160000,NULL,NULL,NULL,NULL,1763787360000,1755686179713);
INSERT INTO complaints VALUES('cmeju7ybp00ezq6a2o3dz69y6','KSC0081','ROAD REPAIR Issue in Ward 8 - Thevara','Complaint regarding road repair issue that requires attention. Submitted by Joseph Cherian.','ROAD_REPAIR','REGISTERED','CRITICAL','ON_TIME','cmeju7ujo000mq6a2oqukee9q',NULL,'Thevara','Near Thevara junction','Sample address in Ward 8 - Thevara',NULL,'Joseph Cherian','joseph.cherian@email.com','+91-9876540003',0,'cmeju7xhd002pq6a2ntivdd05',NULL,NULL,1764505500000,NULL,NULL,NULL,1765110300000,NULL,NULL,NULL,NULL,1764505500000,1755686179717);
INSERT INTO complaints VALUES('cmeju7ybs00f3q6a209fzqn7t','KSC0082','WASTE MANAGEMENT Issue in Ward 8 - Thevara','Complaint regarding waste management issue that requires attention. Submitted by Maya George.','WASTE_MANAGEMENT','ASSIGNED','CRITICAL','ON_TIME','cmeju7ujo000mq6a2oqukee9q',NULL,'Thevara','Near Thevara junction','Sample address in Ward 8 - Thevara',NULL,'Maya George','maya.george@email.com','+91-9876540006',0,'cmeju7xt1002vq6a2w0vth3q0','cmeju7wjh002fq6a28fd5rvju',NULL,1761991740000,1761998940000,NULL,NULL,1762596540000,NULL,NULL,NULL,NULL,1761991740000,1755686179721);
INSERT INTO complaints VALUES('cmeju7yby00f9q6a2mx2kobui','KSC0083','WATER SUPPLY Issue in Ward 8 - Thevara','Complaint regarding water supply issue that requires attention. Submitted by Joseph Cherian.','WATER_SUPPLY','IN_PROGRESS','HIGH','ON_TIME','cmeju7ujo000mq6a2oqukee9q',NULL,'Thevara','Near Thevara junction','Sample address in Ward 8 - Thevara',NULL,'Joseph Cherian','joseph.cherian@email.com','+91-9876540003',0,'cmeju7xhd002pq6a2ntivdd05','cmeju7wjh002fq6a28fd5rvju',NULL,1766530920000,1766538120000,NULL,NULL,1767135720000,NULL,NULL,NULL,NULL,1766530920000,1755686179726);
INSERT INTO complaints VALUES('cmeju7yc800ffq6a28ao24ajq','KSC0084','ROAD REPAIR Issue in Ward 7 - Willingdon Island','Complaint regarding road repair issue that requires attention. Submitted by Maya George.','ROAD_REPAIR','RESOLVED','HIGH','COMPLETED','cmeju7uji000lq6a2dbfkm7v5',NULL,'Willingdon Island','Near Willingdon Island junction','Sample address in Ward 7 - Willingdon Island',NULL,'Maya George','maya.george@email.com','+91-9876540006',0,'cmeju7xt1002vq6a2w0vth3q0','cmeju7wd3002dq6a2p916tpq4',NULL,1764635940000,1764643140000,1764705038906,NULL,1765240740000,NULL,NULL,1,NULL,1764635940000,1755686179736);
INSERT INTO complaints VALUES('cmeju7ych00flq6a2rn092t57','KSC0085','WASTE MANAGEMENT Issue in Ward 8 - Thevara','Complaint regarding waste management issue that requires attention. Submitted by Maya George.','WASTE_MANAGEMENT','ASSIGNED','CRITICAL','ON_TIME','cmeju7ujo000mq6a2oqukee9q',NULL,'Thevara','Near Thevara junction','Sample address in Ward 8 - Thevara',NULL,'Maya George','maya.george@email.com','+91-9876540006',0,'cmeju7xt1002vq6a2w0vth3q0','cmeju7wjh002fq6a28fd5rvju',NULL,1765253820000,1765261020000,NULL,NULL,1765858620000,NULL,NULL,NULL,NULL,1765253820000,1755686179745);
INSERT INTO complaints VALUES('cmeju7ycn00frq6a2jmft9wa7','KSC0086','WASTE MANAGEMENT Issue in Ward 4 - Kadavanthra','Complaint regarding waste management issue that requires attention. Submitted by Vishnu Warrier.','WASTE_MANAGEMENT','ASSIGNED','LOW','ON_TIME','cmeju7ujc000iq6a2jlq77yar',NULL,'Kadavanthra','Near Kadavanthra junction','Sample address in Ward 4 - Kadavanthra',NULL,'Vishnu Warrier','vishnu.warrier@email.com','+91-9876540007',0,'cmeju7xw9002xq6a28fhkqs9v','cmeju7w0o0027q6a2hwf5l61q',NULL,1764901320000,1764908520000,NULL,NULL,1765506120000,NULL,NULL,NULL,NULL,1764901320000,1755686179752);
INSERT INTO complaints VALUES('cmeju7ycs00fxq6a2sm04zonx','KSC0087','WATER SUPPLY Issue in Ward 6 - Marine Drive','Complaint regarding water supply issue that requires attention. Submitted by Nisha Kumari.','WATER_SUPPLY','REGISTERED','MEDIUM','ON_TIME','cmeju7ujh000kq6a2codyspf2',NULL,'Marine Drive','Near Marine Drive junction','Sample address in Ward 6 - Marine Drive',NULL,'Nisha Kumari','nisha.kumari@email.com','+91-9876540008',0,'cmeju7xzg002zq6a2sn194365',NULL,NULL,1766625540000,NULL,NULL,NULL,1767230340000,NULL,NULL,NULL,NULL,1766625540000,1755686179757);
INSERT INTO complaints VALUES('cmeju7ycw00g1q6a2vt7gl58g','KSC0088','WATER SUPPLY Issue in Ward 2 - Mattancherry','Complaint regarding water supply issue that requires attention. Submitted by Maya George.','WATER_SUPPLY','REGISTERED','CRITICAL','ON_TIME','cmeju7uj2000gq6a2s9m9lkje',NULL,'Mattancherry','Near Mattancherry junction','Sample address in Ward 2 - Mattancherry',NULL,'Maya George','maya.george@email.com','+91-9876540006',0,'cmeju7xt1002vq6a2w0vth3q0',NULL,NULL,1765566660000,NULL,NULL,NULL,1766171460000,NULL,NULL,NULL,NULL,1765566660000,1755686179761);
INSERT INTO complaints VALUES('cmeju7yd000g5q6a238rxocdo','KSC0089','STREET LIGHTING Issue in Ward 4 - Kadavanthra','Complaint regarding street lighting issue that requires attention. Submitted by Lakshmi Pillai.','STREET_LIGHTING','IN_PROGRESS','HIGH','ON_TIME','cmeju7ujc000iq6a2jlq77yar',NULL,'Kadavanthra','Near Kadavanthra junction','Sample address in Ward 4 - Kadavanthra',NULL,'Lakshmi Pillai','lakshmi.pillai@email.com','+91-9876540004',0,'cmeju7xkm002rq6a21bqngy49','cmeju7w0o0027q6a2hwf5l61q',NULL,1766019480000,1766026680000,NULL,NULL,1766624280000,NULL,NULL,NULL,NULL,1766019480000,1755686179765);
INSERT INTO complaints VALUES('cmeju7yd600gbq6a22tx4ock8','KSC0090','WATER SUPPLY Issue in Ward 5 - Panampilly Nagar','Complaint regarding water supply issue that requires attention. Submitted by Kavya Nair.','WATER_SUPPLY','RESOLVED','LOW','COMPLETED','cmeju7uje000jq6a2o0mz2l9m',NULL,'Panampilly Nagar','Near Panampilly Nagar junction','Sample address in Ward 5 - Panampilly Nagar',NULL,'Kavya Nair','kavya.nair@email.com','+91-9876540002',0,'cmeju7xd1002nq6a2hlus8rtp','cmeju7w4b0029q6a2lhgl53k7',NULL,1766201760000,1766208960000,1766593097930,NULL,1766806560000,NULL,NULL,NULL,NULL,1766201760000,1755686179771);
INSERT INTO complaints VALUES('cmeju7ydc00ghq6a2l7hi918l','KSC0091','DRAINAGE Issue in Ward 6 - Marine Drive','Complaint regarding drainage issue that requires attention. Submitted by Nisha Kumari.','DRAINAGE','RESOLVED','LOW','COMPLETED','cmeju7ujh000kq6a2codyspf2',NULL,'Marine Drive','Near Marine Drive junction','Sample address in Ward 6 - Marine Drive',NULL,'Nisha Kumari','nisha.kumari@email.com','+91-9876540008',0,'cmeju7xzg002zq6a2sn194365','cmeju7w8z002bq6a2h9s4i5bp',NULL,1766350320000,1766357520000,1766864372247,NULL,1766955120000,NULL,NULL,NULL,NULL,1766350320000,1755686179777);
INSERT INTO complaints VALUES('cmeju7ydi00gnq6a2jxs3buty','KSC0092','ELECTRICITY Issue in Ward 7 - Willingdon Island','Complaint regarding electricity issue that requires attention. Submitted by Arjun Menon.','ELECTRICITY','REGISTERED','MEDIUM','ON_TIME','cmeju7uji000lq6a2dbfkm7v5',NULL,'Willingdon Island','Near Willingdon Island junction','Sample address in Ward 7 - Willingdon Island',NULL,'Arjun Menon','arjun.menon@email.com','+91-9876540001',0,'cmeju7x8j002lq6a2kw874jn0',NULL,NULL,1765776360000,NULL,NULL,NULL,1766381160000,NULL,NULL,NULL,NULL,1765776360000,1755686179782);
INSERT INTO complaints VALUES('cmeju7ydm00grq6a2ude6c5e4','KSC0093','DRAINAGE Issue in Ward 4 - Kadavanthra','Complaint regarding drainage issue that requires attention. Submitted by Lakshmi Pillai.','DRAINAGE','ASSIGNED','LOW','ON_TIME','cmeju7ujc000iq6a2jlq77yar',NULL,'Kadavanthra','Near Kadavanthra junction','Sample address in Ward 4 - Kadavanthra',NULL,'Lakshmi Pillai','lakshmi.pillai@email.com','+91-9876540004',0,'cmeju7xkm002rq6a21bqngy49','cmeju7w0o0027q6a2hwf5l61q',NULL,1765956180000,1765963380000,NULL,NULL,1766560980000,NULL,NULL,NULL,NULL,1765956180000,1755686179787);
INSERT INTO complaints VALUES('cmeju7yds00gxq6a2hqx2qmbk','KSC0094','DRAINAGE Issue in Ward 8 - Thevara','Complaint regarding drainage issue that requires attention. Submitted by Nisha Kumari.','DRAINAGE','RESOLVED','HIGH','COMPLETED','cmeju7ujo000mq6a2oqukee9q',NULL,'Thevara','Near Thevara junction','Sample address in Ward 8 - Thevara',NULL,'Nisha Kumari','nisha.kumari@email.com','+91-9876540008',0,'cmeju7xzg002zq6a2sn194365','cmeju7wjh002fq6a28fd5rvju',NULL,1766812260000,1766819460000,1767550881725,NULL,1767417060000,NULL,NULL,1,NULL,1766812260000,1755686179793);
INSERT INTO complaints VALUES('cmejulsr10007jn0hodfsc3m0','KSC0095','DRAINAGE complaint','TEST 111111111111111','DRAINAGE','REGISTERED','MEDIUM','ON_TIME','cmeju7uje000jq6a2o0mz2l9m',NULL,'Thaltej , time square','near bhagbhan party plot','1106, Cimcon Software , Near Bhagbhan party plot , Time square arcade 1, silaj road  ',NULL,'Arjun Menon','arjun.menon@email.com','+91-9876540001',0,'cmeju7x8j002lq6a2kw874jn0',NULL,NULL,1755686825677,NULL,NULL,NULL,1755859625667,NULL,NULL,NULL,NULL,1755686825677,1755686825677);
CREATE TABLE IF NOT EXISTS "status_logs" (
    "id" TEXT NOT NULL PRIMARY KEY,
    "complaintId" TEXT NOT NULL,
    "userId" TEXT NOT NULL,
    "fromStatus" TEXT,
    "toStatus" TEXT NOT NULL,
    "comment" TEXT,
    "timestamp" DATETIME NOT NULL DEFAULT CURRENT_TIMESTAMP,
    CONSTRAINT "status_logs_complaintId_fkey" FOREIGN KEY ("complaintId") REFERENCES "complaints" ("id") ON DELETE CASCADE ON UPDATE CASCADE,
    CONSTRAINT "status_logs_userId_fkey" FOREIGN KEY ("userId") REFERENCES "users" ("id") ON DELETE RESTRICT ON UPDATE CASCADE
);
INSERT INTO status_logs VALUES('cmeju7xzx0039q6a2lejgwnzp','cmeju7xzu0037q6a2sbesx1ps','cmeju7v0y001zq6a2i7a4heic',NULL,'REGISTERED','Complaint registered in the system',1750907220000);
INSERT INTO status_logs VALUES('cmeju7y02003bq6a2b7aa6trv','cmeju7xzu0037q6a2sbesx1ps','cmeju7wjh002fq6a28fd5rvju','REGISTERED','IN_PROGRESS','Complaint in_progress',1750910820000);
INSERT INTO status_logs VALUES('cmeju7y06003fq6a2afsuyyut','cmeju7y04003dq6a2bfie8mjx','cmeju7v0y001zq6a2i7a4heic',NULL,'REGISTERED','Complaint registered in the system',1750132380000);
INSERT INTO status_logs VALUES('cmeju7y08003hq6a2ze6eh9v7','cmeju7y04003dq6a2bfie8mjx','cmeju7w8z002bq6a2h9s4i5bp','REGISTERED','IN_PROGRESS','Complaint in_progress',1750135980000);
INSERT INTO status_logs VALUES('cmeju7y0c003lq6a224ldo0fq','cmeju7y0a003jq6a24r7d1dmy','cmeju7v0y001zq6a2i7a4heic',NULL,'REGISTERED','Complaint registered in the system',1749213180000);
INSERT INTO status_logs VALUES('cmeju7y0g003pq6a2a9gsobac','cmeju7y0e003nq6a2k0c4ohod','cmeju7v0y001zq6a2i7a4heic',NULL,'REGISTERED','Complaint registered in the system',1751138040000);
INSERT INTO status_logs VALUES('cmeju7y0h003rq6a26ym4usu3','cmeju7y0e003nq6a2k0c4ohod','cmeju7vx70025q6a2h45ckz40','REGISTERED','ASSIGNED','Complaint assigned',1751141640000);
INSERT INTO status_logs VALUES('cmeju7y0l003vq6a2zlpi7dqu','cmeju7y0j003tq6a20xkthbkz','cmeju7v0y001zq6a2i7a4heic',NULL,'REGISTERED','Complaint registered in the system',1749384540000);
INSERT INTO status_logs VALUES('cmeju7y0m003xq6a20pgs8im6','cmeju7y0j003tq6a20xkthbkz','cmeju7wd3002dq6a2p916tpq4','REGISTERED','IN_PROGRESS','Complaint in_progress',1749388140000);
INSERT INTO status_logs VALUES('cmeju7y0q0041q6a2toe6w6kh','cmeju7y0o003zq6a26optei1s','cmeju7v0y001zq6a2i7a4heic',NULL,'REGISTERED','Complaint registered in the system',1748936340000);
INSERT INTO status_logs VALUES('cmeju7y0s0043q6a29msaduk9','cmeju7y0o003zq6a26optei1s','cmeju7ve70021q6a284rd6ccr','REGISTERED','IN_PROGRESS','Complaint in_progress',1748939940000);
INSERT INTO status_logs VALUES('cmeju7y0w0047q6a2pxrf8gu0','cmeju7y0t0045q6a26byvc6vw','cmeju7v0y001zq6a2i7a4heic',NULL,'REGISTERED','Complaint registered in the system',1750556400000);
INSERT INTO status_logs VALUES('cmeju7y0z004bq6a2yd5fhuk5','cmeju7y0x0049q6a2g41rl5rj','cmeju7v0y001zq6a2i7a4heic',NULL,'REGISTERED','Complaint registered in the system',1749813060000);
INSERT INTO status_logs VALUES('cmeju7y13004fq6a2r2ldaa3w','cmeju7y11004dq6a2a061ui2i','cmeju7v0y001zq6a2i7a4heic',NULL,'REGISTERED','Complaint registered in the system',1750298340000);
INSERT INTO status_logs VALUES('cmeju7y14004hq6a2tu2mv5qe','cmeju7y11004dq6a2a061ui2i','cmeju7wd3002dq6a2p916tpq4','REGISTERED','IN_PROGRESS','Complaint in_progress',1750301940000);
INSERT INTO status_logs VALUES('cmeju7y18004lq6a2nqhfyd24','cmeju7y16004jq6a2wj5vlb5w','cmeju7v0y001zq6a2i7a4heic',NULL,'REGISTERED','Complaint registered in the system',1749466260000);
INSERT INTO status_logs VALUES('cmeju7y1a004nq6a2698w6sxo','cmeju7y16004jq6a2wj5vlb5w','cmeju7ve70021q6a284rd6ccr','REGISTERED','IN_PROGRESS','Complaint in_progress',1749469860000);
INSERT INTO status_logs VALUES('cmeju7y1e004rq6a2nejpatc1','cmeju7y1b004pq6a22yc0621o','cmeju7v0y001zq6a2i7a4heic',NULL,'REGISTERED','Complaint registered in the system',1750313940000);
INSERT INTO status_logs VALUES('cmeju7y1f004tq6a2a2chs7vq','cmeju7y1b004pq6a22yc0621o','cmeju7wjh002fq6a28fd5rvju','REGISTERED','IN_PROGRESS','Complaint in_progress',1750317540000);
INSERT INTO status_logs VALUES('cmeju7y1j004xq6a2erqn1mdb','cmeju7y1h004vq6a2pw7k47gw','cmeju7v0y001zq6a2i7a4heic',NULL,'REGISTERED','Complaint registered in the system',1749803700000);
INSERT INTO status_logs VALUES('cmeju7y1k004zq6a26g0ujf0h','cmeju7y1h004vq6a2pw7k47gw','cmeju7ve70021q6a284rd6ccr','REGISTERED','IN_PROGRESS','Complaint in_progress',1749807300000);
INSERT INTO status_logs VALUES('cmeju7y1q0053q6a24kr2clid','cmeju7y1n0051q6a2gfrjxfj8','cmeju7v0y001zq6a2i7a4heic',NULL,'REGISTERED','Complaint registered in the system',1749060180000);
INSERT INTO status_logs VALUES('cmeju7y1u0055q6a2wtz6dwrs','cmeju7y1n0051q6a2gfrjxfj8','cmeju7vsd0023q6a2sfygxs4n','REGISTERED','IN_PROGRESS','Complaint in_progress',1749063780000);
INSERT INTO status_logs VALUES('cmeju7y220059q6a28ra332zj','cmeju7y1y0057q6a2e3jr68ej','cmeju7v0y001zq6a2i7a4heic',NULL,'REGISTERED','Complaint registered in the system',1750394880000);
INSERT INTO status_logs VALUES('cmeju7y24005bq6a2u7lezgw3','cmeju7y1y0057q6a2e3jr68ej','cmeju7w0o0027q6a2hwf5l61q','REGISTERED','ASSIGNED','Complaint assigned',1750398480000);
INSERT INTO status_logs VALUES('cmeju7y29005fq6a24clpy07r','cmeju7y27005dq6a2pck98t3k','cmeju7v0y001zq6a2i7a4heic',NULL,'REGISTERED','Complaint registered in the system',1752600780000);
INSERT INTO status_logs VALUES('cmeju7y2d005jq6a2rqlcrww0','cmeju7y2b005hq6a2wpytuosm','cmeju7v0y001zq6a2i7a4heic',NULL,'REGISTERED','Complaint registered in the system',1751439660000);
INSERT INTO status_logs VALUES('cmeju7y2h005nq6a2czpvim5j','cmeju7y2f005lq6a2hibzgfyr','cmeju7v0y001zq6a2i7a4heic',NULL,'REGISTERED','Complaint registered in the system',1751823000000);
INSERT INTO status_logs VALUES('cmeju7y2m005rq6a2n1km1vqc','cmeju7y2i005pq6a2dfn7xz77','cmeju7v0y001zq6a2i7a4heic',NULL,'REGISTERED','Complaint registered in the system',1752241260000);
INSERT INTO status_logs VALUES('cmeju7y2t005vq6a2nrle4azu','cmeju7y2p005tq6a2zosh9mfl','cmeju7v0y001zq6a2i7a4heic',NULL,'REGISTERED','Complaint registered in the system',1752587940000);
INSERT INTO status_logs VALUES('cmeju7y2y005zq6a2pxhyq8sg','cmeju7y2v005xq6a2t7rqkksq','cmeju7v0y001zq6a2i7a4heic',NULL,'REGISTERED','Complaint registered in the system',1751891820000);
INSERT INTO status_logs VALUES('cmeju7y2z0061q6a27ln8z1o5','cmeju7y2v005xq6a2t7rqkksq','cmeju7w4b0029q6a2lhgl53k7','REGISTERED','ASSIGNED','Complaint assigned',1751895420000);
INSERT INTO status_logs VALUES('cmeju7y340065q6a2xwt1n450','cmeju7y320063q6a29723lleq','cmeju7v0y001zq6a2i7a4heic',NULL,'REGISTERED','Complaint registered in the system',1753068600000);
INSERT INTO status_logs VALUES('cmeju7y380069q6a28g1v0f3y','cmeju7y350067q6a2ve50cm2a','cmeju7v0y001zq6a2i7a4heic',NULL,'REGISTERED','Complaint registered in the system',1751718360000);
INSERT INTO status_logs VALUES('cmeju7y39006bq6a252ktcjgj','cmeju7y350067q6a2ve50cm2a','cmeju7wd3002dq6a2p916tpq4','REGISTERED','IN_PROGRESS','Complaint in_progress',1751721960000);
INSERT INTO status_logs VALUES('cmeju7y3c006fq6a21yp13wpm','cmeju7y3a006dq6a2m5bly6yo','cmeju7v0y001zq6a2i7a4heic',NULL,'REGISTERED','Complaint registered in the system',1752946860000);
INSERT INTO status_logs VALUES('cmeju7y3e006hq6a2nayd4qq8','cmeju7y3a006dq6a2m5bly6yo','cmeju7ve70021q6a284rd6ccr','REGISTERED','ASSIGNED','Complaint assigned',1752950460000);
INSERT INTO status_logs VALUES('cmeju7y3i006lq6a29xn6cki5','cmeju7y3f006jq6a297zsxfo0','cmeju7v0y001zq6a2i7a4heic',NULL,'REGISTERED','Complaint registered in the system',1753093380000);
INSERT INTO status_logs VALUES('cmeju7y3m006pq6a27gmup97l','cmeju7y3j006nq6a2tsnd66xi','cmeju7v0y001zq6a2i7a4heic',NULL,'REGISTERED','Complaint registered in the system',1751991900000);
INSERT INTO status_logs VALUES('cmeju7y3q006tq6a2jmjymvzu','cmeju7y3n006rq6a25wruon5j','cmeju7v0y001zq6a2i7a4heic',NULL,'REGISTERED','Complaint registered in the system',1751361960000);
INSERT INTO status_logs VALUES('cmeju7y3r006vq6a2h9aqpcfu','cmeju7y3n006rq6a25wruon5j','cmeju7w8z002bq6a2h9s4i5bp','REGISTERED','IN_PROGRESS','Complaint in_progress',1751365560000);
INSERT INTO status_logs VALUES('cmeju7y3v006zq6a2xstdxab9','cmeju7y3t006xq6a27v759ba5','cmeju7v0y001zq6a2i7a4heic',NULL,'REGISTERED','Complaint registered in the system',1753464300000);
INSERT INTO status_logs VALUES('cmeju7y3y0073q6a2m0pn1axa','cmeju7y3w0071q6a2hn1wr5ia','cmeju7v0y001zq6a2i7a4heic',NULL,'REGISTERED','Complaint registered in the system',1755191160000);
INSERT INTO status_logs VALUES('cmeju7y420077q6a2btkbtqrw','cmeju7y400075q6a213g5wq9g','cmeju7v0y001zq6a2i7a4heic',NULL,'REGISTERED','Complaint registered in the system',1755863220000);
INSERT INTO status_logs VALUES('cmeju7y430079q6a2wm5dqirx','cmeju7y400075q6a213g5wq9g','cmeju7wd3002dq6a2p916tpq4','REGISTERED','ASSIGNED','Complaint assigned',1755866820000);
INSERT INTO status_logs VALUES('cmeju7y47007dq6a2xbpkj3k2','cmeju7y45007bq6a2xzu7ypdn','cmeju7v0y001zq6a2i7a4heic',NULL,'REGISTERED','Complaint registered in the system',1754321760000);
INSERT INTO status_logs VALUES('cmeju7y49007fq6a29mjyrtsb','cmeju7y45007bq6a2xzu7ypdn','cmeju7ve70021q6a284rd6ccr','REGISTERED','IN_PROGRESS','Complaint in_progress',1754325360000);
INSERT INTO status_logs VALUES('cmeju7y4d007jq6a2hrmw4wbm','cmeju7y4a007hq6a26xe2a0hd','cmeju7v0y001zq6a2i7a4heic',NULL,'REGISTERED','Complaint registered in the system',1755239700000);
INSERT INTO status_logs VALUES('cmeju7y4h007nq6a28dxefx0y','cmeju7y4e007lq6a2hz18mk05','cmeju7v0y001zq6a2i7a4heic',NULL,'REGISTERED','Complaint registered in the system',1756049040000);
INSERT INTO status_logs VALUES('cmeju7y4i007pq6a2ccvov7w9','cmeju7y4e007lq6a2hz18mk05','cmeju7ve70021q6a284rd6ccr','REGISTERED','ASSIGNED','Complaint assigned',1756052640000);
INSERT INTO status_logs VALUES('cmeju7y4m007tq6a2urn5eld4','cmeju7y4k007rq6a2spx6bpgf','cmeju7v0y001zq6a2i7a4heic',NULL,'REGISTERED','Complaint registered in the system',1756657020000);
INSERT INTO status_logs VALUES('cmeju7y4o007vq6a2rwiaybuz','cmeju7y4k007rq6a2spx6bpgf','cmeju7wjh002fq6a28fd5rvju','REGISTERED','IN_PROGRESS','Complaint in_progress',1756660620000);
INSERT INTO status_logs VALUES('cmeju7y4r007zq6a2i56reqcz','cmeju7y4p007xq6a20p6qmncb','cmeju7v0y001zq6a2i7a4heic',NULL,'REGISTERED','Complaint registered in the system',1754331540000);
INSERT INTO status_logs VALUES('cmeju7y4t0081q6a269rec2e8','cmeju7y4p007xq6a20p6qmncb','cmeju7w4b0029q6a2lhgl53k7','REGISTERED','IN_PROGRESS','Complaint in_progress',1754335140000);
INSERT INTO status_logs VALUES('cmeju7y4w0085q6a2rczqbdq7','cmeju7y4u0083q6a28drtvp0d','cmeju7v0y001zq6a2i7a4heic',NULL,'REGISTERED','Complaint registered in the system',1756523700000);
INSERT INTO status_logs VALUES('cmeju7y500089q6a2l01kl3fl','cmeju7y4y0087q6a2cvpg1wvw','cmeju7v0y001zq6a2i7a4heic',NULL,'REGISTERED','Complaint registered in the system',1755309240000);
INSERT INTO status_logs VALUES('cmeju7y54008dq6a2aa3q05xa','cmeju7y52008bq6a2cp5zkyxq','cmeju7v0y001zq6a2i7a4heic',NULL,'REGISTERED','Complaint registered in the system',1755424080000);
INSERT INTO status_logs VALUES('cmeju7y56008fq6a2pnck18e8','cmeju7y52008bq6a2cp5zkyxq','cmeju7w8z002bq6a2h9s4i5bp','REGISTERED','IN_PROGRESS','Complaint in_progress',1755427680000);
INSERT INTO status_logs VALUES('cmeju7y5a008jq6a28zroqxc1','cmeju7y58008hq6a2bz8xaoma','cmeju7v0y001zq6a2i7a4heic',NULL,'REGISTERED','Complaint registered in the system',1756030500000);
INSERT INTO status_logs VALUES('cmeju7y5e008nq6a2i4rl6t55','cmeju7y5c008lq6a2l04s0j6u','cmeju7v0y001zq6a2i7a4heic',NULL,'REGISTERED','Complaint registered in the system',1754077980000);
INSERT INTO status_logs VALUES('cmeju7y5f008pq6a2fm83cfiu','cmeju7y5c008lq6a2l04s0j6u','cmeju7vx70025q6a2h45ckz40','REGISTERED','IN_PROGRESS','Complaint in_progress',1754081580000);
INSERT INTO status_logs VALUES('cmeju7y5k008tq6a2chx250ik','cmeju7y5i008rq6a24tyuufta','cmeju7v0y001zq6a2i7a4heic',NULL,'REGISTERED','Complaint registered in the system',1757032980000);
INSERT INTO status_logs VALUES('cmeju7y5o008xq6a2duac87p5','cmeju7y5m008vq6a22325arpz','cmeju7v0y001zq6a2i7a4heic',NULL,'REGISTERED','Complaint registered in the system',1756711680000);
INSERT INTO status_logs VALUES('cmeju7y5s0091q6a2j3fbumwk','cmeju7y5q008zq6a2lrzvrt3i','cmeju7v0y001zq6a2i7a4heic',NULL,'REGISTERED','Complaint registered in the system',1758134880000);
INSERT INTO status_logs VALUES('cmeju7y5u0093q6a2snql1033','cmeju7y5q008zq6a2lrzvrt3i','cmeju7ve70021q6a284rd6ccr','REGISTERED','ASSIGNED','Complaint assigned',1758138480000);
INSERT INTO status_logs VALUES('cmeju7y5y0097q6a2cp8e8l7b','cmeju7y5v0095q6a2yom8r1w1','cmeju7v0y001zq6a2i7a4heic',NULL,'REGISTERED','Complaint registered in the system',1757787240000);
INSERT INTO status_logs VALUES('cmeju7y5z0099q6a2u2hxu8ut','cmeju7y5v0095q6a2yom8r1w1','cmeju7vx70025q6a2h45ckz40','REGISTERED','IN_PROGRESS','Complaint in_progress',1757790840000);
INSERT INTO status_logs VALUES('cmeju7y63009dq6a2yz451smg','cmeju7y61009bq6a2nd1d1xj7','cmeju7v0y001zq6a2i7a4heic',NULL,'REGISTERED','Complaint registered in the system',1756933260000);
INSERT INTO status_logs VALUES('cmeju7y65009fq6a2208pr262','cmeju7y61009bq6a2nd1d1xj7','cmeju7vx70025q6a2h45ckz40','REGISTERED','ASSIGNED','Complaint assigned',1756936860000);
INSERT INTO status_logs VALUES('cmeju7y68009jq6a2sodm0i3d','cmeju7y66009hq6a2uxwavare','cmeju7v0y001zq6a2i7a4heic',NULL,'REGISTERED','Complaint registered in the system',1758222420000);
INSERT INTO status_logs VALUES('cmeju7y6a009lq6a2j8ulanxh','cmeju7y66009hq6a2uxwavare','cmeju7w0o0027q6a2hwf5l61q','REGISTERED','IN_PROGRESS','Complaint in_progress',1758226020000);
INSERT INTO status_logs VALUES('cmeju7y6e009pq6a2yzkqkrie','cmeju7y6b009nq6a2yy78e65z','cmeju7v0y001zq6a2i7a4heic',NULL,'REGISTERED','Complaint registered in the system',1758084600000);
INSERT INTO status_logs VALUES('cmeju7y6f009rq6a27wfr2yqc','cmeju7y6b009nq6a2yy78e65z','cmeju7w4b0029q6a2lhgl53k7','REGISTERED','IN_PROGRESS','Complaint in_progress',1758088200000);
INSERT INTO status_logs VALUES('cmeju7y6j009vq6a2h2hntwg1','cmeju7y6h009tq6a2og2ebktm','cmeju7v0y001zq6a2i7a4heic',NULL,'REGISTERED','Complaint registered in the system',1756946160000);
INSERT INTO status_logs VALUES('cmeju7y6k009xq6a2i2qd0jy0','cmeju7y6h009tq6a2og2ebktm','cmeju7wjh002fq6a28fd5rvju','REGISTERED','ASSIGNED','Complaint assigned',1756949760000);
INSERT INTO status_logs VALUES('cmeju7y6o00a1q6a2hjua9rmw','cmeju7y6m009zq6a2ubohyi6p','cmeju7v0y001zq6a2i7a4heic',NULL,'REGISTERED','Complaint registered in the system',1758100200000);
INSERT INTO status_logs VALUES('cmeju7y6p00a3q6a2y7u4f4th','cmeju7y6m009zq6a2ubohyi6p','cmeju7wd3002dq6a2p916tpq4','REGISTERED','IN_PROGRESS','Complaint in_progress',1758103800000);
INSERT INTO status_logs VALUES('cmeju7y6u00a7q6a29zjaxp1c','cmeju7y6r00a5q6a25xl1str4','cmeju7v0y001zq6a2i7a4heic',NULL,'REGISTERED','Complaint registered in the system',1761181560000);
INSERT INTO status_logs VALUES('cmeju7y6v00a9q6a2qurh28uz','cmeju7y6r00a5q6a25xl1str4','cmeju7vsd0023q6a2sfygxs4n','REGISTERED','IN_PROGRESS','Complaint in_progress',1761185160000);
INSERT INTO status_logs VALUES('cmeju7y6z00adq6a2s3h9ef5z','cmeju7y6x00abq6a2rgdhlyu6','cmeju7v0y001zq6a2i7a4heic',NULL,'REGISTERED','Complaint registered in the system',1760455560000);
INSERT INTO status_logs VALUES('cmeju7y7100afq6a2nxuf2t96','cmeju7y6x00abq6a2rgdhlyu6','cmeju7ve70021q6a284rd6ccr','REGISTERED','ASSIGNED','Complaint assigned',1760459160000);
INSERT INTO status_logs VALUES('cmeju7y7500ajq6a2etc9qpes','cmeju7y7200ahq6a2xbo7rvnd','cmeju7v0y001zq6a2i7a4heic',NULL,'REGISTERED','Complaint registered in the system',1759397100000);
INSERT INTO status_logs VALUES('cmeju7y7600alq6a2hpf0f7gm','cmeju7y7200ahq6a2xbo7rvnd','cmeju7w4b0029q6a2lhgl53k7','REGISTERED','IN_PROGRESS','Complaint in_progress',1759400700000);
INSERT INTO status_logs VALUES('cmeju7y7c00apq6a2s81o6a56','cmeju7y7800anq6a2ujrchk1m','cmeju7v0y001zq6a2i7a4heic',NULL,'REGISTERED','Complaint registered in the system',1761796860000);
INSERT INTO status_logs VALUES('cmeju7y7g00atq6a2amup75r3','cmeju7y7e00arq6a2k9uyi75x','cmeju7v0y001zq6a2i7a4heic',NULL,'REGISTERED','Complaint registered in the system',1761277980000);
INSERT INTO status_logs VALUES('cmeju7y7h00avq6a2ollo6u2s','cmeju7y7e00arq6a2k9uyi75x','cmeju7w0o0027q6a2hwf5l61q','REGISTERED','ASSIGNED','Complaint assigned',1761281580000);
INSERT INTO status_logs VALUES('cmeju7y7l00azq6a248nux3k0','cmeju7y7j00axq6a2axsu51kr','cmeju7v0y001zq6a2i7a4heic',NULL,'REGISTERED','Complaint registered in the system',1761265560000);
INSERT INTO status_logs VALUES('cmeju7y7p00b3q6a22jmkco2j','cmeju7y7m00b1q6a23s35cr2z','cmeju7v0y001zq6a2i7a4heic',NULL,'REGISTERED','Complaint registered in the system',1760739420000);
INSERT INTO status_logs VALUES('cmeju7y7t00b7q6a2t9qq3ie9','cmeju7y7q00b5q6a27dporedh','cmeju7v0y001zq6a2i7a4heic',NULL,'REGISTERED','Complaint registered in the system',1760902440000);
INSERT INTO status_logs VALUES('cmeju7y7u00b9q6a259axuoec','cmeju7y7q00b5q6a27dporedh','cmeju7ve70021q6a284rd6ccr','REGISTERED','IN_PROGRESS','Complaint in_progress',1760906040000);
INSERT INTO status_logs VALUES('cmeju7y7y00bdq6a2wp64miej','cmeju7y7w00bbq6a2zlsw7zah','cmeju7v0y001zq6a2i7a4heic',NULL,'REGISTERED','Complaint registered in the system',1760713800000);
INSERT INTO status_logs VALUES('cmeju7y7z00bfq6a207ph4f1x','cmeju7y7w00bbq6a2zlsw7zah','cmeju7w0o0027q6a2hwf5l61q','REGISTERED','IN_PROGRESS','Complaint in_progress',1760717400000);
INSERT INTO status_logs VALUES('cmeju7y8300bjq6a2d4g31p20','cmeju7y8100bhq6a2x8pzt3dr','cmeju7v0y001zq6a2i7a4heic',NULL,'REGISTERED','Complaint registered in the system',1760415780000);
INSERT INTO status_logs VALUES('cmeju7y8500blq6a2vwnpfnx5','cmeju7y8100bhq6a2x8pzt3dr','cmeju7vsd0023q6a2sfygxs4n','REGISTERED','ASSIGNED','Complaint assigned',1760419380000);
INSERT INTO status_logs VALUES('cmeju7y8900bpq6a2qogkfwsa','cmeju7y8600bnq6a2n6xrvqo9','cmeju7v0y001zq6a2i7a4heic',NULL,'REGISTERED','Complaint registered in the system',1761093240000);
INSERT INTO status_logs VALUES('cmeju7y8a00brq6a2iyed5evj','cmeju7y8600bnq6a2n6xrvqo9','cmeju7vsd0023q6a2sfygxs4n','REGISTERED','IN_PROGRESS','Complaint in_progress',1761096840000);
INSERT INTO status_logs VALUES('cmeju7y8e00bvq6a20nf1wgli','cmeju7y8c00btq6a21vl4fom3','cmeju7v0y001zq6a2i7a4heic',NULL,'REGISTERED','Complaint registered in the system',1760830200000);
INSERT INTO status_logs VALUES('cmeju7y8f00bxq6a27wnphm3m','cmeju7y8c00btq6a21vl4fom3','cmeju7ve70021q6a284rd6ccr','REGISTERED','IN_PROGRESS','Complaint in_progress',1760833800000);
INSERT INTO status_logs VALUES('cmeju7y8j00c1q6a2xkzlip7v','cmeju7y8h00bzq6a2ksq6o18r','cmeju7v0y001zq6a2i7a4heic',NULL,'REGISTERED','Complaint registered in the system',1761791400000);
INSERT INTO status_logs VALUES('cmeju7y8n00c5q6a20vri7vii','cmeju7y8l00c3q6a2z8g9xblv','cmeju7v0y001zq6a2i7a4heic',NULL,'REGISTERED','Complaint registered in the system',1759699200000);
INSERT INTO status_logs VALUES('cmeju7y8o00c7q6a2bzt4j5fn','cmeju7y8l00c3q6a2z8g9xblv','cmeju7w4b0029q6a2lhgl53k7','REGISTERED','ASSIGNED','Complaint assigned',1759702800000);
INSERT INTO status_logs VALUES('cmeju7y8t00cbq6a20e2myx3o','cmeju7y8q00c9q6a2jdlae5md','cmeju7v0y001zq6a2i7a4heic',NULL,'REGISTERED','Complaint registered in the system',1763852460000);
INSERT INTO status_logs VALUES('cmeju7y8u00cdq6a211vc6xie','cmeju7y8q00c9q6a2jdlae5md','cmeju7vx70025q6a2h45ckz40','REGISTERED','RESOLVED','Complaint resolved',1763856060000);
INSERT INTO status_logs VALUES('cmeju7y8y00chq6a2n9x5xydg','cmeju7y8w00cfq6a252i1zi62','cmeju7v0y001zq6a2i7a4heic',NULL,'REGISTERED','Complaint registered in the system',1764060180000);
INSERT INTO status_logs VALUES('cmeju7y9200clq6a265co339m','cmeju7y9000cjq6a2jv46z1zu','cmeju7v0y001zq6a2i7a4heic',NULL,'REGISTERED','Complaint registered in the system',1762375500000);
INSERT INTO status_logs VALUES('cmeju7y9400cnq6a2gmv1wehy','cmeju7y9000cjq6a2jv46z1zu','cmeju7w8z002bq6a2h9s4i5bp','REGISTERED','ASSIGNED','Complaint assigned',1762379100000);
INSERT INTO status_logs VALUES('cmeju7y9700crq6a242tevqk2','cmeju7y9500cpq6a2nzr7ue5o','cmeju7v0y001zq6a2i7a4heic',NULL,'REGISTERED','Complaint registered in the system',1763376000000);
INSERT INTO status_logs VALUES('cmeju7y9b00cvq6a28wfrqmu0','cmeju7y9900ctq6a2nzvhrar7','cmeju7v0y001zq6a2i7a4heic',NULL,'REGISTERED','Complaint registered in the system',1763964540000);
INSERT INTO status_logs VALUES('cmeju7y9d00cxq6a2u89dnuek','cmeju7y9900ctq6a2nzvhrar7','cmeju7vsd0023q6a2sfygxs4n','REGISTERED','RESOLVED','Complaint resolved',1763968140000);
INSERT INTO status_logs VALUES('cmeju7y9g00d1q6a2sowepdy8','cmeju7y9e00czq6a2ncd42i5p','cmeju7v0y001zq6a2i7a4heic',NULL,'REGISTERED','Complaint registered in the system',1763425740000);
INSERT INTO status_logs VALUES('cmeju7y9j00d3q6a2tkyjjvxc','cmeju7y9e00czq6a2ncd42i5p','cmeju7vx70025q6a2h45ckz40','REGISTERED','RESOLVED','Complaint resolved',1763429340000);
INSERT INTO status_logs VALUES('cmeju7y9m00d7q6a2rnwh25te','cmeju7y9k00d5q6a23k0wlslu','cmeju7v0y001zq6a2i7a4heic',NULL,'REGISTERED','Complaint registered in the system',1763873220000);
INSERT INTO status_logs VALUES('cmeju7y9o00d9q6a2r1l5fd4q','cmeju7y9k00d5q6a23k0wlslu','cmeju7w0o0027q6a2hwf5l61q','REGISTERED','RESOLVED','Complaint resolved',1763876820000);
INSERT INTO status_logs VALUES('cmeju7y9r00ddq6a26mkredj3','cmeju7y9p00dbq6a2xnedbixm','cmeju7v0y001zq6a2i7a4heic',NULL,'REGISTERED','Complaint registered in the system',1764237660000);
INSERT INTO status_logs VALUES('cmeju7y9t00dfq6a2fsidnjn7','cmeju7y9p00dbq6a2xnedbixm','cmeju7vsd0023q6a2sfygxs4n','REGISTERED','RESOLVED','Complaint resolved',1764241260000);
INSERT INTO status_logs VALUES('cmeju7y9w00djq6a2va9stlzz','cmeju7y9u00dhq6a22b4fpeu3','cmeju7v0y001zq6a2i7a4heic',NULL,'REGISTERED','Complaint registered in the system',1763533140000);
INSERT INTO status_logs VALUES('cmeju7y9y00dlq6a2dh6fpyad','cmeju7y9u00dhq6a22b4fpeu3','cmeju7wjh002fq6a28fd5rvju','REGISTERED','IN_PROGRESS','Complaint in_progress',1763536740000);
INSERT INTO status_logs VALUES('cmeju7ya100dpq6a2d75eh5lg','cmeju7y9z00dnq6a243msejbu','cmeju7v0y001zq6a2i7a4heic',NULL,'REGISTERED','Complaint registered in the system',1762710720000);
INSERT INTO status_logs VALUES('cmeju7ya600dtq6a2lp50lcrk','cmeju7ya300drq6a2bstgiw0r','cmeju7v0y001zq6a2i7a4heic',NULL,'REGISTERED','Complaint registered in the system',1763589600000);
INSERT INTO status_logs VALUES('cmeju7ya900dvq6a2slhasawe','cmeju7ya300drq6a2bstgiw0r','cmeju7wjh002fq6a28fd5rvju','REGISTERED','ASSIGNED','Complaint assigned',1763593200000);
INSERT INTO status_logs VALUES('cmeju7yag00dzq6a2poe79eh0','cmeju7yac00dxq6a2wudzpmor','cmeju7v0y001zq6a2i7a4heic',NULL,'REGISTERED','Complaint registered in the system',1763751900000);
INSERT INTO status_logs VALUES('cmeju7yai00e1q6a2zg3k8067','cmeju7yac00dxq6a2wudzpmor','cmeju7vsd0023q6a2sfygxs4n','REGISTERED','ASSIGNED','Complaint assigned',1763755500000);
INSERT INTO status_logs VALUES('cmeju7yan00e5q6a2yztnzysa','cmeju7yal00e3q6a2f636x380','cmeju7v0y001zq6a2i7a4heic',NULL,'REGISTERED','Complaint registered in the system',1763385480000);
INSERT INTO status_logs VALUES('cmeju7yap00e7q6a2sk8z5l9j','cmeju7yal00e3q6a2f636x380','cmeju7wd3002dq6a2p916tpq4','REGISTERED','RESOLVED','Complaint resolved',1763389080000);
INSERT INTO status_logs VALUES('cmeju7yaw00ebq6a2gigr7not','cmeju7yat00e9q6a2mur5w07q','cmeju7v0y001zq6a2i7a4heic',NULL,'REGISTERED','Complaint registered in the system',1764050700000);
INSERT INTO status_logs VALUES('cmeju7yb500efq6a25q65f3v4','cmeju7yay00edq6a260hycmhu','cmeju7v0y001zq6a2i7a4heic',NULL,'REGISTERED','Complaint registered in the system',1762593360000);
INSERT INTO status_logs VALUES('cmeju7yb600ehq6a2flxf0sro','cmeju7yay00edq6a260hycmhu','cmeju7vsd0023q6a2sfygxs4n','REGISTERED','ASSIGNED','Complaint assigned',1762596960000);
INSERT INTO status_logs VALUES('cmeju7ybb00elq6a22en10igx','cmeju7yb800ejq6a2tjuj33z0','cmeju7v0y001zq6a2i7a4heic',NULL,'REGISTERED','Complaint registered in the system',1763465520000);
INSERT INTO status_logs VALUES('cmeju7ybd00enq6a22314nxg0','cmeju7yb800ejq6a2tjuj33z0','cmeju7wd3002dq6a2p916tpq4','REGISTERED','IN_PROGRESS','Complaint in_progress',1763469120000);
INSERT INTO status_logs VALUES('cmeju7ybi00erq6a27c6yf0xx','cmeju7ybf00epq6a26q3lz2ot','cmeju7v0y001zq6a2i7a4heic',NULL,'REGISTERED','Complaint registered in the system',1762601460000);
INSERT INTO status_logs VALUES('cmeju7ybj00etq6a2i2wea3h1','cmeju7ybf00epq6a26q3lz2ot','cmeju7wjh002fq6a28fd5rvju','REGISTERED','RESOLVED','Complaint resolved',1762605060000);
INSERT INTO status_logs VALUES('cmeju7ybn00exq6a2f430dttm','cmeju7ybl00evq6a2n79gclfp','cmeju7v0y001zq6a2i7a4heic',NULL,'REGISTERED','Complaint registered in the system',1763787360000);
INSERT INTO status_logs VALUES('cmeju7ybr00f1q6a2l7xkjy9b','cmeju7ybp00ezq6a2o3dz69y6','cmeju7v0y001zq6a2i7a4heic',NULL,'REGISTERED','Complaint registered in the system',1764505500000);
INSERT INTO status_logs VALUES('cmeju7ybv00f5q6a2txe01ejl','cmeju7ybs00f3q6a209fzqn7t','cmeju7v0y001zq6a2i7a4heic',NULL,'REGISTERED','Complaint registered in the system',1761991740000);
INSERT INTO status_logs VALUES('cmeju7ybw00f7q6a23zwihzsl','cmeju7ybs00f3q6a209fzqn7t','cmeju7wjh002fq6a28fd5rvju','REGISTERED','ASSIGNED','Complaint assigned',1761995340000);
INSERT INTO status_logs VALUES('cmeju7yc000fbq6a2q9xng6ta','cmeju7yby00f9q6a2mx2kobui','cmeju7v0y001zq6a2i7a4heic',NULL,'REGISTERED','Complaint registered in the system',1766530920000);
INSERT INTO status_logs VALUES('cmeju7yc300fdq6a248g53arh','cmeju7yby00f9q6a2mx2kobui','cmeju7wjh002fq6a28fd5rvju','REGISTERED','IN_PROGRESS','Complaint in_progress',1766534520000);
INSERT INTO status_logs VALUES('cmeju7ycc00fhq6a2yu3fn8s4','cmeju7yc800ffq6a28ao24ajq','cmeju7v0y001zq6a2i7a4heic',NULL,'REGISTERED','Complaint registered in the system',1764635940000);
INSERT INTO status_logs VALUES('cmeju7yce00fjq6a2ib6fas8p','cmeju7yc800ffq6a28ao24ajq','cmeju7wd3002dq6a2p916tpq4','REGISTERED','RESOLVED','Complaint resolved',1764639540000);
INSERT INTO status_logs VALUES('cmeju7yck00fnq6a2yl78c96g','cmeju7ych00flq6a2rn092t57','cmeju7v0y001zq6a2i7a4heic',NULL,'REGISTERED','Complaint registered in the system',1765253820000);
INSERT INTO status_logs VALUES('cmeju7ycm00fpq6a231ilkp2q','cmeju7ych00flq6a2rn092t57','cmeju7wjh002fq6a28fd5rvju','REGISTERED','ASSIGNED','Complaint assigned',1765257420000);
INSERT INTO status_logs VALUES('cmeju7ycp00ftq6a2f5zs83q0','cmeju7ycn00frq6a2jmft9wa7','cmeju7v0y001zq6a2i7a4heic',NULL,'REGISTERED','Complaint registered in the system',1764901320000);
INSERT INTO status_logs VALUES('cmeju7ycr00fvq6a2eh2nwok8','cmeju7ycn00frq6a2jmft9wa7','cmeju7w0o0027q6a2hwf5l61q','REGISTERED','ASSIGNED','Complaint assigned',1764904920000);
INSERT INTO status_logs VALUES('cmeju7ycu00fzq6a2el678wyv','cmeju7ycs00fxq6a2sm04zonx','cmeju7v0y001zq6a2i7a4heic',NULL,'REGISTERED','Complaint registered in the system',1766625540000);
INSERT INTO status_logs VALUES('cmeju7ycy00g3q6a25vdgpsw5','cmeju7ycw00g1q6a2vt7gl58g','cmeju7v0y001zq6a2i7a4heic',NULL,'REGISTERED','Complaint registered in the system',1765566660000);
INSERT INTO status_logs VALUES('cmeju7yd300g7q6a2u2tck3pi','cmeju7yd000g5q6a238rxocdo','cmeju7v0y001zq6a2i7a4heic',NULL,'REGISTERED','Complaint registered in the system',1766019480000);
INSERT INTO status_logs VALUES('cmeju7yd400g9q6a2clf3qqfp','cmeju7yd000g5q6a238rxocdo','cmeju7w0o0027q6a2hwf5l61q','REGISTERED','IN_PROGRESS','Complaint in_progress',1766023080000);
INSERT INTO status_logs VALUES('cmeju7yd900gdq6a2h4rwe624','cmeju7yd600gbq6a22tx4ock8','cmeju7v0y001zq6a2i7a4heic',NULL,'REGISTERED','Complaint registered in the system',1766201760000);
INSERT INTO status_logs VALUES('cmeju7yda00gfq6a2xb62c1a1','cmeju7yd600gbq6a22tx4ock8','cmeju7w4b0029q6a2lhgl53k7','REGISTERED','RESOLVED','Complaint resolved',1766205360000);
INSERT INTO status_logs VALUES('cmeju7ydf00gjq6a2v87coquv','cmeju7ydc00ghq6a2l7hi918l','cmeju7v0y001zq6a2i7a4heic',NULL,'REGISTERED','Complaint registered in the system',1766350320000);
INSERT INTO status_logs VALUES('cmeju7ydg00glq6a236t51cib','cmeju7ydc00ghq6a2l7hi918l','cmeju7w8z002bq6a2h9s4i5bp','REGISTERED','RESOLVED','Complaint resolved',1766353920000);
INSERT INTO status_logs VALUES('cmeju7ydl00gpq6a2pr93i5u4','cmeju7ydi00gnq6a2jxs3buty','cmeju7v0y001zq6a2i7a4heic',NULL,'REGISTERED','Complaint registered in the system',1765776360000);
INSERT INTO status_logs VALUES('cmeju7ydp00gtq6a29jwa2p39','cmeju7ydm00grq6a2ude6c5e4','cmeju7v0y001zq6a2i7a4heic',NULL,'REGISTERED','Complaint registered in the system',1765956180000);
INSERT INTO status_logs VALUES('cmeju7ydq00gvq6a2awamo331','cmeju7ydm00grq6a2ude6c5e4','cmeju7w0o0027q6a2hwf5l61q','REGISTERED','ASSIGNED','Complaint assigned',1765959780000);
INSERT INTO status_logs VALUES('cmeju7ydv00gzq6a258w64j5z','cmeju7yds00gxq6a2hqx2qmbk','cmeju7v0y001zq6a2i7a4heic',NULL,'REGISTERED','Complaint registered in the system',1766812260000);
INSERT INTO status_logs VALUES('cmeju7ydx00h1q6a2fiu93eib','cmeju7yds00gxq6a2hqx2qmbk','cmeju7wjh002fq6a28fd5rvju','REGISTERED','RESOLVED','Complaint resolved',1766815860000);
INSERT INTO status_logs VALUES('cmejulssb0009jn0hdkdabzx6','cmejulsr10007jn0hodfsc3m0','cmeju7x8j002lq6a2kw874jn0',NULL,'REGISTERED','Complaint registered',1755686825723);
INSERT INTO status_logs VALUES('cmekxrztd000fjn0hfznrkgap','cmeju7y7200ahq6a2xbo7rvnd','cmeju7w4b0029q6a2lhgl53k7','IN_PROGRESS','IN_PROGRESS','Status updated to IN_PROGRESS',1755752619793);
INSERT INTO status_logs VALUES('cmekxsmrb000jjn0hkcyrbeg4','cmeju7y7200ahq6a2xbo7rvnd','cmeju7w4b0029q6a2lhgl53k7','IN_PROGRESS','ASSIGNED','Status updated to ASSIGNED',1755752649525);
CREATE TABLE IF NOT EXISTS "attachments" (
    "id" TEXT NOT NULL PRIMARY KEY,
    "complaintId" TEXT NOT NULL,
    "fileName" TEXT NOT NULL,
    "originalName" TEXT NOT NULL,
    "mimeType" TEXT NOT NULL,
    "size" INTEGER NOT NULL,
    "url" TEXT NOT NULL,
    "uploadedAt" DATETIME NOT NULL DEFAULT CURRENT_TIMESTAMP,
    CONSTRAINT "attachments_complaintId_fkey" FOREIGN KEY ("complaintId") REFERENCES "complaints" ("id") ON DELETE CASCADE ON UPDATE CASCADE
);
CREATE TABLE IF NOT EXISTS "notifications" (
    "id" TEXT NOT NULL PRIMARY KEY,
    "userId" TEXT NOT NULL,
    "complaintId" TEXT,
    "serviceRequestId" TEXT,
    "type" TEXT NOT NULL,
    "title" TEXT NOT NULL,
    "message" TEXT NOT NULL,
    "isRead" BOOLEAN NOT NULL DEFAULT false,
    "sentAt" DATETIME NOT NULL DEFAULT CURRENT_TIMESTAMP,
    "readAt" DATETIME,
    CONSTRAINT "notifications_userId_fkey" FOREIGN KEY ("userId") REFERENCES "users" ("id") ON DELETE CASCADE ON UPDATE CASCADE,
    CONSTRAINT "notifications_complaintId_fkey" FOREIGN KEY ("complaintId") REFERENCES "complaints" ("id") ON DELETE CASCADE ON UPDATE CASCADE,
    CONSTRAINT "notifications_serviceRequestId_fkey" FOREIGN KEY ("serviceRequestId") REFERENCES "service_requests" ("id") ON DELETE CASCADE ON UPDATE CASCADE
);
INSERT INTO notifications VALUES('cmeju7yf200hxq6a2jrj3jlmg','cmeju7x8j002lq6a2kw874jn0',NULL,NULL,'IN_APP','Welcome to Kochi Smart City','Thank you for registering with our digital platform. You can now submit complaints and track their progress.',0,1755686179838,NULL);
INSERT INTO notifications VALUES('cmeju7yf400hzq6a2fmbpfds4','cmeju7xd1002nq6a2hlus8rtp',NULL,NULL,'IN_APP','Welcome to Kochi Smart City','Thank you for registering with our digital platform. You can now submit complaints and track their progress.',0,1755686179840,NULL);
INSERT INTO notifications VALUES('cmeju7yfb00i1q6a2fj4if25v','cmeju7xhd002pq6a2ntivdd05',NULL,NULL,'IN_APP','Welcome to Kochi Smart City','Thank you for registering with our digital platform. You can now submit complaints and track their progress.',0,1755686179846,NULL);
INSERT INTO notifications VALUES('cmeju7yfc00i3q6a2b5ldhssp','cmeju7xkm002rq6a21bqngy49',NULL,NULL,'IN_APP','Welcome to Kochi Smart City','Thank you for registering with our digital platform. You can now submit complaints and track their progress.',0,1755686179848,NULL);
INSERT INTO notifications VALUES('cmeju7yfe00i5q6a21y6xzrns','cmeju7xow002tq6a2oklqyiz1',NULL,NULL,'IN_APP','Welcome to Kochi Smart City','Thank you for registering with our digital platform. You can now submit complaints and track their progress.',0,1755686179849,NULL);
INSERT INTO notifications VALUES('cmejulsss000bjn0h1e8lw2f6','cmeju7w4b0029q6a2lhgl53k7','cmejulsr10007jn0hodfsc3m0',NULL,'IN_APP','New Complaint Registered','A new DRAINAGE complaint has been registered in your ward.',0,1755686825741,NULL);
INSERT INTO notifications VALUES('cmekxrztj000gjn0hkfh3tfie','cmeju7xt1002vq6a2w0vth3q0','cmeju7y7200ahq6a2xbo7rvnd',NULL,'EMAIL','Complaint Status Updated','Your complaint status has been updated to IN_PROGRESS.',0,1755752619799,NULL);
INSERT INTO notifications VALUES('cmekxrztj000hjn0hzrd3vz0v','cmeju7x5c002jq6a2ua1ecb38','cmeju7y7200ahq6a2xbo7rvnd',NULL,'IN_APP','New Assignment','A complaint has been assigned to you.',0,1755752619799,NULL);
INSERT INTO notifications VALUES('cmekxsmrl000kjn0h3frxrfwb','cmeju7xt1002vq6a2w0vth3q0','cmeju7y7200ahq6a2xbo7rvnd',NULL,'EMAIL','Complaint Status Updated','Your complaint status has been updated to ASSIGNED.',0,1755752649537,NULL);
INSERT INTO notifications VALUES('cmekxsmrl000ljn0hac9ic13f','cmeju7x5c002jq6a2ua1ecb38','cmeju7y7200ahq6a2xbo7rvnd',NULL,'IN_APP','New Assignment','A complaint has been assigned to you.',0,1755752649537,NULL);
CREATE TABLE IF NOT EXISTS "messages" (
    "id" TEXT NOT NULL PRIMARY KEY,
    "complaintId" TEXT NOT NULL,
    "sentById" TEXT NOT NULL,
    "receivedById" TEXT,
    "content" TEXT NOT NULL,
    "isInternal" BOOLEAN NOT NULL DEFAULT true,
    "sentAt" DATETIME NOT NULL DEFAULT CURRENT_TIMESTAMP,
    "readAt" DATETIME,
    CONSTRAINT "messages_complaintId_fkey" FOREIGN KEY ("complaintId") REFERENCES "complaints" ("id") ON DELETE CASCADE ON UPDATE CASCADE,
    CONSTRAINT "messages_sentById_fkey" FOREIGN KEY ("sentById") REFERENCES "users" ("id") ON DELETE RESTRICT ON UPDATE CASCADE,
    CONSTRAINT "messages_receivedById_fkey" FOREIGN KEY ("receivedById") REFERENCES "users" ("id") ON DELETE SET NULL ON UPDATE CASCADE
);
CREATE TABLE IF NOT EXISTS "otp_sessions" (
    "id" TEXT NOT NULL PRIMARY KEY,
    "userId" TEXT,
    "email" TEXT NOT NULL,
    "phoneNumber" TEXT,
    "otpCode" TEXT NOT NULL,
    "purpose" TEXT NOT NULL DEFAULT 'GUEST_VERIFICATION',
    "isVerified" BOOLEAN NOT NULL DEFAULT false,
    "expiresAt" DATETIME NOT NULL,
    "createdAt" DATETIME NOT NULL DEFAULT CURRENT_TIMESTAMP,
    "verifiedAt" DATETIME,
    CONSTRAINT "otp_sessions_userId_fkey" FOREIGN KEY ("userId") REFERENCES "users" ("id") ON DELETE CASCADE ON UPDATE CASCADE
);
CREATE TABLE IF NOT EXISTS "departments" (
    "id" TEXT NOT NULL PRIMARY KEY,
    "name" TEXT NOT NULL,
    "description" TEXT,
    "headUserId" TEXT,
    "isActive" BOOLEAN NOT NULL DEFAULT true,
    "createdAt" DATETIME NOT NULL DEFAULT CURRENT_TIMESTAMP,
    "updatedAt" DATETIME NOT NULL
);
INSERT INTO departments VALUES('cmeju7uiq000aq6a24pblmoa7','Public Works','Road maintenance, construction, and infrastructure',NULL,1,1755686174786,1755686174786);
INSERT INTO departments VALUES('cmeju7uiq000bq6a2xx3rcju0','Water Supply','Water distribution, quality control, and pipeline maintenance',NULL,1,1755686174786,1755686174786);
INSERT INTO departments VALUES('cmeju7uiq000cq6a2zoceryf6','Electricity','Street lighting, power distribution, and electrical maintenance',NULL,1,1755686174786,1755686174786);
INSERT INTO departments VALUES('cmeju7uiq000dq6a2dbnfoie5','Waste Management','Garbage collection, waste disposal, and sanitation',NULL,1,1755686174786,1755686174786);
INSERT INTO departments VALUES('cmeju7uiq000eq6a246mrvqhk','IT Services','Digital infrastructure and technical support',NULL,1,1755686174786,1755686174786);
CREATE TABLE IF NOT EXISTS "system_config" (
    "id" TEXT NOT NULL PRIMARY KEY,
    "key" TEXT NOT NULL,
    "value" TEXT NOT NULL,
    "description" TEXT,
    "isActive" BOOLEAN NOT NULL DEFAULT true,
    "updatedAt" DATETIME NOT NULL
);
INSERT INTO system_config VALUES('cmeju7uil0000q6a2eji7qsdd','APP_NAME','Kochi Smart City','Application name displayed across the system',1,1755694630027);
INSERT INTO system_config VALUES('cmeju7uil0001q6a2roz5hhms','APP_LOGO_URL','/api/uploads/logo/cimcon-1755694584714-547000250.jpg','URL for the application logo',1,1755694584763);
INSERT INTO system_config VALUES('cmeju7uil0002q6a21ky28dnc','COMPLAINT_ID_PREFIX','KSC','Prefix for complaint IDs (e.g., KSC for Kochi Smart City)',1,1755686174781);
INSERT INTO system_config VALUES('cmeju7uil0003q6a21ht3fynp','COMPLAINT_ID_START_NUMBER','1','Starting number for complaint ID sequence',1,1755686174781);
INSERT INTO system_config VALUES('cmeju7uil0004q6a2bvstmbhg','COMPLAINT_ID_LENGTH','4','Length of the numeric part in complaint IDs',1,1755686174781);
INSERT INTO system_config VALUES('cmeju7uil0005q6a2a5lvvmz8','DEFAULT_LANGUAGE','en','Default language for the application',1,1755686174781);
INSERT INTO system_config VALUES('cmeju7uil0006q6a2tvnr1jlw','EMAIL_ENABLED','true','Whether email notifications are enabled',1,1755686174781);
INSERT INTO system_config VALUES('cmeju7uil0007q6a2by5w3z69','SMS_ENABLED','false','Whether SMS notifications are enabled',1,1755686174781);
INSERT INTO system_config VALUES('cmeju7uil0008q6a2p6kzd2cc','MAX_FILE_SIZE','10485760','Maximum file upload size in bytes (10MB)',1,1755686174781);
INSERT INTO system_config VALUES('cmeju7uil0009q6a21pjtsaxe','COMPLAINT_AUTO_ASSIGN','true','Whether complaints should be auto-assigned to ward officers',1,1755686174781);
INSERT INTO system_config VALUES('cmeju7xzj0030q6a21kvbb92c','COMPLAINT_TYPE_WATER_SUPPLY','{"name":"Water Supply","description":"Issues related to water supply, quality, pressure, or leakage","priority":"HIGH","slaHours":24}','Complaint type configuration for Water Supply',1,1755686179280);
INSERT INTO system_config VALUES('cmeju7xzl0031q6a2whz3u2xb','COMPLAINT_TYPE_ELECTRICITY','{"name":"Electricity","description":"Power outages, faulty connections, or street lighting issues","priority":"HIGH","slaHours":12}','Complaint type configuration for Electricity',1,1755686179281);
INSERT INTO system_config VALUES('cmeju7xzm0032q6a2irc41ja0','COMPLAINT_TYPE_ROAD_REPAIR','{"name":"Road Repair","description":"Damaged roads, potholes, or infrastructure maintenance","priority":"MEDIUM","slaHours":72}','Complaint type configuration for Road Repair',1,1755686179283);
INSERT INTO system_config VALUES('cmeju7xzo0033q6a28pvlcp58','COMPLAINT_TYPE_WASTE_MANAGEMENT','{"name":"Waste Management","description":"Garbage collection, waste disposal, and sanitation issues","priority":"MEDIUM","slaHours":48}','Complaint type configuration for Waste Management',1,1755686179285);
INSERT INTO system_config VALUES('cmeju7xzq0034q6a2q4zgitzv','COMPLAINT_TYPE_STREET_LIGHTING','{"name":"Street Lighting","description":"Non-functional street lights or poor lighting conditions","priority":"LOW","slaHours":48}','Complaint type configuration for Street Lighting',1,1755686179286);
INSERT INTO system_config VALUES('cmeju7xzr0035q6a2pud61it5','COMPLAINT_TYPE_DRAINAGE','{"name":"Drainage","description":"Blocked drains, flooding, or sewage issues","priority":"HIGH","slaHours":24}','Complaint type configuration for Drainage',1,1755686179288);
INSERT INTO system_config VALUES('cmeju8dou0001jn0hoyib8nhy','APP_LOGO_SIZE','large','Size of the application logo (small, medium, large)',1,1755688993810);
INSERT INTO system_config VALUES('cmeju8dpc0002jn0hxoeiwzwm','CONTACT_HELPLINE','1800-XXX-XXXX','Helpline phone number for customer support',1,1755686199649);
INSERT INTO system_config VALUES('cmeju8dpl0003jn0hbbauuh1j','CONTACT_EMAIL','support@cochinsmartcity.in','Email address for customer support',1,1755686199657);
INSERT INTO system_config VALUES('cmeju8dps0004jn0h0fhalifq','CONTACT_OFFICE_HOURS','Monday - Friday: 9 AM - 6 PM','Office hours for customer support',1,1755686199665);
INSERT INTO system_config VALUES('cmeju8dq00005jn0h1dnt7mx4','CONTACT_OFFICE_ADDRESS','Cochin Corporation Office','Physical address of the office',1,1755686199672);
CREATE TABLE IF NOT EXISTS "service_requests" (
    "id" TEXT NOT NULL PRIMARY KEY,
    "title" TEXT,
    "serviceType" TEXT NOT NULL,
    "description" TEXT NOT NULL,
    "status" TEXT NOT NULL DEFAULT 'SUBMITTED',
    "priority" TEXT NOT NULL DEFAULT 'NORMAL',
    "wardId" TEXT NOT NULL,
    "area" TEXT NOT NULL,
    "address" TEXT NOT NULL,
    "landmark" TEXT,
    "contactName" TEXT NOT NULL,
    "contactEmail" TEXT NOT NULL,
    "contactPhone" TEXT NOT NULL,
    "submittedById" TEXT,
    "assignedToId" TEXT,
    "submittedOn" DATETIME NOT NULL DEFAULT CURRENT_TIMESTAMP,
    "preferredDateTime" DATETIME,
    "assignedOn" DATETIME,
    "expectedCompletion" DATETIME,
    "completedOn" DATETIME,
    "remarks" TEXT,
    "citizenFeedback" TEXT,
    "rating" INTEGER,
    "createdAt" DATETIME NOT NULL DEFAULT CURRENT_TIMESTAMP,
    "updatedAt" DATETIME NOT NULL,
    CONSTRAINT "service_requests_wardId_fkey" FOREIGN KEY ("wardId") REFERENCES "wards" ("id") ON DELETE RESTRICT ON UPDATE CASCADE,
    CONSTRAINT "service_requests_submittedById_fkey" FOREIGN KEY ("submittedById") REFERENCES "users" ("id") ON DELETE SET NULL ON UPDATE CASCADE,
    CONSTRAINT "service_requests_assignedToId_fkey" FOREIGN KEY ("assignedToId") REFERENCES "users" ("id") ON DELETE SET NULL ON UPDATE CASCADE
);
INSERT INTO service_requests VALUES('cmeju7ydz00h3q6a2dajltl49','ELECTRICITY CONNECTION Application','ELECTRICITY_CONNECTION','Application for electricity connection','PROCESSING','NORMAL','cmeju7uiz000fq6a2s9cppovk','Fort Kochi','Sample address in Ward 1 - Fort Kochi',NULL,'Vishnu Warrier','vishnu.warrier@email.com','+91-9876540007','cmeju7xw9002xq6a28fhkqs9v',NULL,1754387918564,NULL,NULL,1756895779798,NULL,NULL,NULL,NULL,1755686179799,1755686179799);
INSERT INTO service_requests VALUES('cmeju7ye300h5q6a2a10yei4u','BIRTH CERTIFICATE Application','BIRTH_CERTIFICATE','Application for birth certificate','COMPLETED','NORMAL','cmeju7uj2000gq6a2s9m9lkje','Mattancherry','Sample address in Ward 2 - Mattancherry',NULL,'Maya George','maya.george@email.com','+91-9876540006','cmeju7xt1002vq6a2w0vth3q0',NULL,1754136439186,NULL,NULL,1756895779802,NULL,NULL,NULL,NULL,1755686179803,1755686179803);
INSERT INTO service_requests VALUES('cmeju7ye700h7q6a2hl7rd32o','BUILDING PERMIT Application','BUILDING_PERMIT','Application for building permit','SUBMITTED','NORMAL','cmeju7uiz000fq6a2s9cppovk','Fort Kochi','Sample address in Ward 1 - Fort Kochi',NULL,'Lakshmi Pillai','lakshmi.pillai@email.com','+91-9876540004','cmeju7xkm002rq6a21bqngy49',NULL,1753825601634,NULL,NULL,1756895779806,NULL,NULL,NULL,NULL,1755686179807,1755686179807);
INSERT INTO service_requests VALUES('cmeju7yea00h9q6a22v2uvmgc','WATER CONNECTION Application','WATER_CONNECTION','Application for water connection','VERIFIED','NORMAL','cmeju7ujo000mq6a2oqukee9q','Thevara','Sample address in Ward 8 - Thevara',NULL,'Joseph Cherian','joseph.cherian@email.com','+91-9876540003','cmeju7xhd002pq6a2ntivdd05',NULL,1755579331846,NULL,NULL,1756895779809,NULL,NULL,NULL,NULL,1755686179810,1755686179810);
INSERT INTO service_requests VALUES('cmeju7yec00hbq6a2m3o53ql5','BUILDING PERMIT Application','BUILDING_PERMIT','Application for building permit','COMPLETED','NORMAL','cmeju7uje000jq6a2o0mz2l9m','Panampilly Nagar','Sample address in Ward 5 - Panampilly Nagar',NULL,'Arjun Menon','arjun.menon@email.com','+91-9876540001','cmeju7x8j002lq6a2kw874jn0',NULL,1753183711433,NULL,NULL,1756895779811,NULL,NULL,NULL,NULL,1755686179812,1755686179812);
INSERT INTO service_requests VALUES('cmeju7yed00hdq6a298209eqv','BIRTH CERTIFICATE Application','BIRTH_CERTIFICATE','Application for birth certificate','PROCESSING','NORMAL','cmeju7uje000jq6a2o0mz2l9m','Panampilly Nagar','Sample address in Ward 5 - Panampilly Nagar',NULL,'Kavya Nair','kavya.nair@email.com','+91-9876540002','cmeju7xd1002nq6a2hlus8rtp',NULL,1753498873154,NULL,NULL,1756895779813,NULL,NULL,NULL,NULL,1755686179814,1755686179814);
INSERT INTO service_requests VALUES('cmeju7yeg00hfq6a2yqcd6zp6','BIRTH CERTIFICATE Application','BIRTH_CERTIFICATE','Application for birth certificate','COMPLETED','NORMAL','cmeju7uji000lq6a2dbfkm7v5','Willingdon Island','Sample address in Ward 7 - Willingdon Island',NULL,'Joseph Cherian','joseph.cherian@email.com','+91-9876540003','cmeju7xhd002pq6a2ntivdd05',NULL,1754742500771,NULL,NULL,1756895779815,NULL,NULL,NULL,NULL,1755686179816,1755686179816);
INSERT INTO service_requests VALUES('cmeju7yei00hhq6a2fsn7xif9','DEATH CERTIFICATE Application','DEATH_CERTIFICATE','Application for death certificate','COMPLETED','NORMAL','cmeju7ujo000mq6a2oqukee9q','Thevara','Sample address in Ward 8 - Thevara',NULL,'Anand Kumar','anand.kumar@email.com','+91-9876540005','cmeju7xow002tq6a2oklqyiz1',NULL,1754187479494,NULL,NULL,1756895779818,NULL,NULL,NULL,NULL,1755686179819,1755686179819);
INSERT INTO service_requests VALUES('cmeju7yek00hjq6a2hlry2z8c','DEATH CERTIFICATE Application','DEATH_CERTIFICATE','Application for death certificate','SUBMITTED','NORMAL','cmeju7uj6000hq6a2f2gt9gbm','Ernakulam South','Sample address in Ward 3 - Ernakulam South',NULL,'Joseph Cherian','joseph.cherian@email.com','+91-9876540003','cmeju7xhd002pq6a2ntivdd05',NULL,1754972895851,NULL,NULL,1756895779820,NULL,NULL,NULL,NULL,1755686179821,1755686179821);
INSERT INTO service_requests VALUES('cmeju7yen00hlq6a2o0qny1lk','ELECTRICITY CONNECTION Application','ELECTRICITY_CONNECTION','Application for electricity connection','PROCESSING','NORMAL','cmeju7ujc000iq6a2jlq77yar','Kadavanthra','Sample address in Ward 4 - Kadavanthra',NULL,'Kavya Nair','kavya.nair@email.com','+91-9876540002','cmeju7xd1002nq6a2hlus8rtp',NULL,1754698455630,NULL,NULL,1756895779822,NULL,NULL,NULL,NULL,1755686179824,1755686179824);
INSERT INTO service_requests VALUES('cmeju7yer00hnq6a2nzt62c82','BUILDING PERMIT Application','BUILDING_PERMIT','Application for building permit','VERIFIED','NORMAL','cmeju7ujo000mq6a2oqukee9q','Thevara','Sample address in Ward 8 - Thevara',NULL,'Lakshmi Pillai','lakshmi.pillai@email.com','+91-9876540004','cmeju7xkm002rq6a21bqngy49',NULL,1754485275077,NULL,NULL,1756895779826,NULL,NULL,NULL,NULL,1755686179827,1755686179827);
INSERT INTO service_requests VALUES('cmeju7yeu00hpq6a27xelwyqr','TRADE LICENSE Application','TRADE_LICENSE','Application for trade license','PROCESSING','NORMAL','cmeju7uj6000hq6a2f2gt9gbm','Ernakulam South','Sample address in Ward 3 - Ernakulam South',NULL,'Maya George','maya.george@email.com','+91-9876540006','cmeju7xt1002vq6a2w0vth3q0',NULL,1755501300354,NULL,NULL,1756895779829,NULL,NULL,NULL,NULL,1755686179830,1755686179830);
INSERT INTO service_requests VALUES('cmeju7yew00hrq6a2w854pc2f','BIRTH CERTIFICATE Application','BIRTH_CERTIFICATE','Application for birth certificate','VERIFIED','NORMAL','cmeju7uj6000hq6a2f2gt9gbm','Ernakulam South','Sample address in Ward 3 - Ernakulam South',NULL,'Nisha Kumari','nisha.kumari@email.com','+91-9876540008','cmeju7xzg002zq6a2sn194365',NULL,1755597152791,NULL,NULL,1756895779831,NULL,NULL,NULL,NULL,1755686179832,1755686179832);
INSERT INTO service_requests VALUES('cmeju7yey00htq6a2jd330fex','WATER CONNECTION Application','WATER_CONNECTION','Application for water connection','PROCESSING','NORMAL','cmeju7uj6000hq6a2f2gt9gbm','Ernakulam South','Sample address in Ward 3 - Ernakulam South',NULL,'Arjun Menon','arjun.menon@email.com','+91-9876540001','cmeju7x8j002lq6a2kw874jn0',NULL,1753704319045,NULL,NULL,1756895779834,NULL,NULL,NULL,NULL,1755686179834,1755686179834);
INSERT INTO service_requests VALUES('cmeju7yf000hvq6a2h4zag9p7','TRADE LICENSE Application','TRADE_LICENSE','Application for trade license','APPROVED','NORMAL','cmeju7uj6000hq6a2f2gt9gbm','Ernakulam South','Sample address in Ward 3 - Ernakulam South',NULL,'Arjun Menon','arjun.menon@email.com','+91-9876540001','cmeju7x8j002lq6a2kw874jn0',NULL,1754191910134,NULL,NULL,1756895779836,NULL,NULL,NULL,NULL,1755686179837,1755686179837);
CREATE TABLE IF NOT EXISTS "service_request_status_logs" (
    "id" TEXT NOT NULL PRIMARY KEY,
    "serviceRequestId" TEXT NOT NULL,
    "userId" TEXT NOT NULL,
    "fromStatus" TEXT,
    "toStatus" TEXT NOT NULL,
    "comment" TEXT,
    "timestamp" DATETIME NOT NULL DEFAULT CURRENT_TIMESTAMP,
    CONSTRAINT "service_request_status_logs_serviceRequestId_fkey" FOREIGN KEY ("serviceRequestId") REFERENCES "service_requests" ("id") ON DELETE CASCADE ON UPDATE CASCADE,
    CONSTRAINT "service_request_status_logs_userId_fkey" FOREIGN KEY ("userId") REFERENCES "users" ("id") ON DELETE RESTRICT ON UPDATE CASCADE
);
CREATE TABLE IF NOT EXISTS "reports" (
    "id" TEXT NOT NULL PRIMARY KEY,
    "name" TEXT NOT NULL,
    "type" TEXT NOT NULL,
    "filters" TEXT NOT NULL,
    "data" TEXT NOT NULL,
    "generatedBy" TEXT NOT NULL,
    "generatedAt" DATETIME NOT NULL DEFAULT CURRENT_TIMESTAMP
);
CREATE UNIQUE INDEX "users_email_key" ON "users"("email");
CREATE UNIQUE INDEX "wards_name_key" ON "wards"("name");
CREATE UNIQUE INDEX "complaints_complaintId_key" ON "complaints"("complaintId");
CREATE INDEX "complaints_submittedById_createdAt_idx" ON "complaints"("submittedById", "createdAt");
CREATE INDEX "complaints_wardId_status_idx" ON "complaints"("wardId", "status");
CREATE INDEX "complaints_assignedToId_status_idx" ON "complaints"("assignedToId", "status");
CREATE INDEX "complaints_type_status_idx" ON "complaints"("type", "status");
CREATE INDEX "complaints_priority_status_idx" ON "complaints"("priority", "status");
CREATE INDEX "complaints_submittedOn_idx" ON "complaints"("submittedOn");
CREATE INDEX "status_logs_complaintId_timestamp_idx" ON "status_logs"("complaintId", "timestamp");
CREATE INDEX "notifications_userId_isRead_idx" ON "notifications"("userId", "isRead");
CREATE INDEX "notifications_complaintId_idx" ON "notifications"("complaintId");
CREATE INDEX "notifications_serviceRequestId_idx" ON "notifications"("serviceRequestId");
CREATE INDEX "otp_sessions_email_purpose_isVerified_idx" ON "otp_sessions"("email", "purpose", "isVerified");
CREATE INDEX "otp_sessions_expiresAt_idx" ON "otp_sessions"("expiresAt");
CREATE UNIQUE INDEX "departments_name_key" ON "departments"("name");
CREATE UNIQUE INDEX "system_config_key_key" ON "system_config"("key");
CREATE INDEX "service_requests_submittedById_createdAt_idx" ON "service_requests"("submittedById", "createdAt");
CREATE INDEX "service_requests_wardId_status_idx" ON "service_requests"("wardId", "status");
CREATE INDEX "service_requests_assignedToId_status_idx" ON "service_requests"("assignedToId", "status");
CREATE INDEX "service_requests_serviceType_status_idx" ON "service_requests"("serviceType", "status");
CREATE INDEX "service_requests_submittedOn_idx" ON "service_requests"("submittedOn");
CREATE INDEX "service_request_status_logs_serviceRequestId_timestamp_idx" ON "service_request_status_logs"("serviceRequestId", "timestamp");
CREATE INDEX "attachments_complaintId_idx" ON "attachments"("complaintId");
CREATE INDEX "complaints_status_createdAt_idx" ON "complaints"("status", "createdAt");
CREATE INDEX "complaints_type_createdAt_idx" ON "complaints"("type", "createdAt");
CREATE INDEX "messages_complaintId_idx" ON "messages"("complaintId");
CREATE INDEX "messages_sentById_idx" ON "messages"("sentById");
CREATE INDEX "otp_sessions_userId_idx" ON "otp_sessions"("userId");
CREATE INDEX "reports_type_generatedAt_idx" ON "reports"("type", "generatedAt");
CREATE INDEX "reports_generatedBy_idx" ON "reports"("generatedBy");
CREATE INDEX "service_request_status_logs_userId_idx" ON "service_request_status_logs"("userId");
CREATE INDEX "status_logs_userId_idx" ON "status_logs"("userId");
CREATE INDEX "sub_zones_wardId_idx" ON "sub_zones"("wardId");
CREATE INDEX "system_config_key_isActive_idx" ON "system_config"("key", "isActive");
CREATE INDEX "users_role_isActive_idx" ON "users"("role", "isActive");
CREATE INDEX "users_wardId_idx" ON "users"("wardId");
COMMIT;
